[2025-02-23 22:22:01 +0800] [1] [INFO] Starting gunicorn 23.0.0
[2025-02-23 22:22:01 +0800] [1] [INFO] Listening at: http://0.0.0.0:5000 (1)
[2025-02-23 22:22:01 +0800] [1] [INFO] Using worker: gthread
[2025-02-23 22:22:01 +0800] [8] [INFO] Booting worker with pid: 8
[2025-02-23 22:22:01 +0800] [9] [INFO] Booting worker with pid: 9
[2025-02-23 22:22:01 +0800] [8] [INFO] Worker exiting (pid: 8)
[2025-02-23 22:22:01 +0800] [10] [INFO] Booting worker with pid: 10
[2025-02-23 22:22:01 +0800] [1] [ERROR] Worker (pid:8) exited with code 4
[2025-02-23 22:22:01 +0800] [9] [INFO] Worker exiting (pid: 9)
[2025-02-23 22:22:01 +0800] [1] [ERROR] Worker (pid:9) exited with code 4
[2025-02-23 22:22:02 +0800] [1] [INFO] Starting gunicorn 23.0.0
[2025-02-23 22:22:02 +0800] [1] [INFO] Listening at: http://0.0.0.0:5000 (1)
[2025-02-23 22:22:02 +0800] [1] [INFO] Using worker: gthread
[2025-02-23 22:22:02 +0800] [8] [INFO] Booting worker with pid: 8
[2025-02-23 22:22:02 +0800] [9] [INFO] Booting worker with pid: 9
[2025-02-23 22:22:02 +0800] [8] [INFO] Worker exiting (pid: 8)
[2025-02-23 22:22:02 +0800] [10] [INFO] Booting worker with pid: 10
[2025-02-23 22:22:02 +0800] [1] [ERROR] Worker (pid:8) exited with code 4
[2025-02-23 22:22:02 +0800] [9] [INFO] Worker exiting (pid: 9)
[2025-02-23 22:22:02 +0800] [1] [ERROR] Worker (pid:9) exited with code 4
[2025-02-23 22:22:02 +0800] [1] [INFO] Starting gunicorn 23.0.0
[2025-02-23 22:22:02 +0800] [1] [INFO] Listening at: http://0.0.0.0:5000 (1)
[2025-02-23 22:22:02 +0800] [1] [INFO] Using worker: gthread
[2025-02-23 22:22:02 +0800] [8] [INFO] Booting worker with pid: 8
[2025-02-23 22:22:03 +0800] [9] [INFO] Booting worker with pid: 9
[2025-02-23 22:22:03 +0800] [8] [INFO] Worker exiting (pid: 8)
[2025-02-23 22:22:03 +0800] [10] [INFO] Booting worker with pid: 10
[2025-02-23 22:22:03 +0800] [1] [ERROR] Worker (pid:8) exited with code 4
[2025-02-23 22:22:03 +0800] [9] [INFO] Worker exiting (pid: 9)
[2025-02-23 22:22:03 +0800] [1] [ERROR] Worker (pid:9) exited with code 4
[2025-02-23 22:22:03 +0800] [1] [INFO] Starting gunicorn 23.0.0
[2025-02-23 22:22:03 +0800] [1] [INFO] Listening at: http://0.0.0.0:5000 (1)
[2025-02-23 22:22:03 +0800] [1] [INFO] Using worker: gthread
[2025-02-23 22:22:03 +0800] [8] [INFO] Booting worker with pid: 8
[2025-02-23 22:22:03 +0800] [9] [INFO] Booting worker with pid: 9
[2025-02-23 22:22:03 +0800] [10] [INFO] Booting worker with pid: 10
[2025-02-23 22:22:03 +0800] [11] [INFO] Booting worker with pid: 11
[2025-02-23 22:22:03 +0800] [8] [INFO] Worker exiting (pid: 8)
[2025-02-23 22:22:03 +0800] [9] [INFO] Worker exiting (pid: 9)
[2025-02-23 22:22:03 +0800] [1] [ERROR] Worker (pid:8) exited with code 4
[2025-02-23 22:22:03 +0800] [1] [ERROR] Worker (pid:9) was sent SIGTERM!
[2025-02-23 22:22:04 +0800] [11] [INFO] Worker exiting (pid: 11)
[2025-02-23 22:22:04 +0800] [10] [INFO] Worker exiting (pid: 10)
[2025-02-23 22:22:04 +0800] [1] [ERROR] Worker (pid:11) exited with code 4
[2025-02-23 22:22:05 +0800] [1] [INFO] Starting gunicorn 23.0.0
[2025-02-23 22:22:05 +0800] [1] [INFO] Listening at: http://0.0.0.0:5000 (1)
[2025-02-23 22:22:05 +0800] [1] [INFO] Using worker: gthread
[2025-02-23 22:22:05 +0800] [8] [INFO] Booting worker with pid: 8
[2025-02-23 22:22:05 +0800] [9] [INFO] Booting worker with pid: 9
[2025-02-23 22:22:05 +0800] [10] [INFO] Booting worker with pid: 10
[2025-02-23 22:22:05 +0800] [8] [INFO] Worker exiting (pid: 8)
[2025-02-23 22:22:05 +0800] [11] [INFO] Booting worker with pid: 11
[2025-02-23 22:22:05 +0800] [1] [ERROR] Worker (pid:8) exited with code 4
[2025-02-23 22:22:05 +0800] [9] [INFO] Worker exiting (pid: 9)
[2025-02-23 22:22:05 +0800] [10] [INFO] Worker exiting (pid: 10)
[2025-02-23 22:22:05 +0800] [1] [ERROR] Worker (pid:9) exited with code 4
[2025-02-23 22:22:05 +0800] [11] [INFO] Worker exiting (pid: 11)
[2025-02-23 22:22:07 +0800] [1] [INFO] Starting gunicorn 23.0.0
[2025-02-23 22:22:07 +0800] [1] [INFO] Listening at: http://0.0.0.0:5000 (1)
[2025-02-23 22:22:07 +0800] [1] [INFO] Using worker: gthread
[2025-02-23 22:22:07 +0800] [8] [INFO] Booting worker with pid: 8
[2025-02-23 22:22:07 +0800] [9] [INFO] Booting worker with pid: 9
[2025-02-23 22:22:07 +0800] [8] [INFO] Worker exiting (pid: 8)
[2025-02-23 22:22:07 +0800] [10] [INFO] Booting worker with pid: 10
[2025-02-23 22:22:07 +0800] [1] [ERROR] Worker (pid:8) exited with code 4
[2025-02-23 22:22:07 +0800] [9] [INFO] Worker exiting (pid: 9)
[2025-02-23 22:22:07 +0800] [1] [ERROR] Worker (pid:9) exited with code 4
[2025-02-23 22:22:10 +0800] [1] [INFO] Starting gunicorn 23.0.0
[2025-02-23 22:22:10 +0800] [1] [INFO] Listening at: http://0.0.0.0:5000 (1)
[2025-02-23 22:22:10 +0800] [1] [INFO] Using worker: gthread
[2025-02-23 22:22:10 +0800] [8] [INFO] Booting worker with pid: 8
[2025-02-23 22:22:10 +0800] [9] [INFO] Booting worker with pid: 9
[2025-02-23 22:22:10 +0800] [10] [INFO] Booting worker with pid: 10
[2025-02-23 22:22:10 +0800] [11] [INFO] Booting worker with pid: 11
[2025-02-23 22:22:10 +0800] [8] [INFO] Worker exiting (pid: 8)
[2025-02-23 22:22:11 +0800] [1] [ERROR] Worker (pid:8) exited with code 4
[2025-02-23 22:22:11 +0800] [9] [INFO] Worker exiting (pid: 9)
[2025-02-23 22:22:11 +0800] [10] [INFO] Worker exiting (pid: 10)
[2025-02-23 22:22:11 +0800] [11] [INFO] Worker exiting (pid: 11)
[2025-02-23 22:22:11 +0800] [1] [ERROR] Worker (pid:9) exited with code 4
[2025-02-23 22:22:11 +0800] [1] [ERROR] Worker (pid:11) exited with code 4
[2025-02-23 22:22:17 +0800] [1] [INFO] Starting gunicorn 23.0.0
[2025-02-23 22:22:17 +0800] [1] [INFO] Listening at: http://0.0.0.0:5000 (1)
[2025-02-23 22:22:17 +0800] [1] [INFO] Using worker: gthread
[2025-02-23 22:22:17 +0800] [8] [INFO] Booting worker with pid: 8
[2025-02-23 22:22:17 +0800] [9] [INFO] Booting worker with pid: 9
[2025-02-23 22:22:17 +0800] [8] [INFO] Worker exiting (pid: 8)
[2025-02-23 22:22:17 +0800] [10] [INFO] Booting worker with pid: 10
[2025-02-23 22:22:17 +0800] [1] [ERROR] Worker (pid:8) exited with code 4
[2025-02-23 22:22:17 +0800] [9] [INFO] Worker exiting (pid: 9)
[2025-02-23 22:22:17 +0800] [1] [ERROR] Worker (pid:9) exited with code 4
[2025-02-23 22:22:30 +0800] [1] [INFO] Starting gunicorn 23.0.0
[2025-02-23 22:22:30 +0800] [1] [INFO] Listening at: http://0.0.0.0:5000 (1)
[2025-02-23 22:22:30 +0800] [1] [INFO] Using worker: gthread
[2025-02-23 22:22:30 +0800] [8] [INFO] Booting worker with pid: 8
[2025-02-23 22:22:30 +0800] [9] [INFO] Booting worker with pid: 9
[2025-02-23 22:22:31 +0800] [10] [INFO] Booting worker with pid: 10
[2025-02-23 22:22:31 +0800] [8] [INFO] Worker exiting (pid: 8)
[2025-02-23 22:22:31 +0800] [11] [INFO] Booting worker with pid: 11
[2025-02-23 22:22:31 +0800] [1] [ERROR] Worker (pid:8) exited with code 4
[2025-02-23 22:22:31 +0800] [9] [INFO] Worker exiting (pid: 9)
[2025-02-23 22:22:31 +0800] [10] [INFO] Worker exiting (pid: 10)
[2025-02-23 22:22:31 +0800] [1] [ERROR] Worker (pid:9) exited with code 4
[2025-02-23 22:22:56 +0800] [1] [INFO] Starting gunicorn 23.0.0
[2025-02-23 22:22:56 +0800] [1] [INFO] Listening at: http://0.0.0.0:5000 (1)
[2025-02-23 22:22:56 +0800] [1] [INFO] Using worker: gthread
[2025-02-23 22:22:56 +0800] [7] [INFO] Booting worker with pid: 7
[2025-02-23 22:22:57 +0800] [8] [INFO] Booting worker with pid: 8
[2025-02-23 22:22:57 +0800] [9] [INFO] Booting worker with pid: 9
[2025-02-23 22:22:57 +0800] [7] [INFO] Worker exiting (pid: 7)
[2025-02-23 22:22:57 +0800] [8] [INFO] Worker exiting (pid: 8)
[2025-02-23 22:22:57 +0800] [1] [ERROR] Worker (pid:7) exited with code 4
[2025-02-23 22:22:57 +0800] [1] [ERROR] Worker (pid:8) was sent SIGTERM!
[2025-02-23 22:22:57 +0800] [9] [INFO] Worker exiting (pid: 9)
[2025-02-23 22:22:57 +0800] [1] [ERROR] Worker (pid:9) exited with code 4
[2025-02-23 22:23:48 +0800] [1] [INFO] Starting gunicorn 23.0.0
[2025-02-23 22:23:48 +0800] [1] [INFO] Listening at: http://0.0.0.0:5000 (1)
[2025-02-23 22:23:48 +0800] [1] [INFO] Using worker: gthread
[2025-02-23 22:23:48 +0800] [8] [INFO] Booting worker with pid: 8
[2025-02-23 22:23:48 +0800] [9] [INFO] Booting worker with pid: 9
[2025-02-23 22:23:48 +0800] [10] [INFO] Booting worker with pid: 10
[2025-02-23 22:23:48 +0800] [8] [INFO] Worker exiting (pid: 8)
[2025-02-23 22:23:48 +0800] [1] [ERROR] Worker (pid:8) exited with code 4
[2025-02-23 22:23:48 +0800] [9] [INFO] Worker exiting (pid: 9)
[2025-02-23 22:23:48 +0800] [10] [INFO] Worker exiting (pid: 10)
[2025-02-23 22:23:48 +0800] [1] [ERROR] Worker (pid:10) exited with code 4
[2025-02-23 22:23:48 +0800] [1] [ERROR] Worker (pid:9) exited with code 4
[2025-02-23 22:24:49 +0800] [1] [INFO] Starting gunicorn 23.0.0
[2025-02-23 22:24:49 +0800] [1] [INFO] Listening at: http://0.0.0.0:5000 (1)
[2025-02-23 22:24:49 +0800] [1] [INFO] Using worker: gthread
[2025-02-23 22:24:49 +0800] [8] [INFO] Booting worker with pid: 8
[2025-02-23 22:24:49 +0800] [9] [INFO] Booting worker with pid: 9
[2025-02-23 22:24:49 +0800] [8] [INFO] Worker exiting (pid: 8)
[2025-02-23 22:24:49 +0800] [10] [INFO] Booting worker with pid: 10
[2025-02-23 22:24:49 +0800] [1] [ERROR] Worker (pid:8) exited with code 4
[2025-02-23 22:24:49 +0800] [9] [INFO] Worker exiting (pid: 9)
[2025-02-23 22:24:49 +0800] [10] [INFO] Worker exiting (pid: 10)
[2025-02-23 22:24:49 +0800] [1] [ERROR] Worker (pid:9) exited with code 4
[2025-02-23 22:25:49 +0800] [1] [INFO] Starting gunicorn 23.0.0
[2025-02-23 22:25:49 +0800] [1] [INFO] Listening at: http://0.0.0.0:5000 (1)
[2025-02-23 22:25:49 +0800] [1] [INFO] Using worker: gthread
[2025-02-23 22:25:49 +0800] [7] [INFO] Booting worker with pid: 7
[2025-02-23 22:25:49 +0800] [8] [INFO] Booting worker with pid: 8
[2025-02-23 22:25:49 +0800] [9] [INFO] Booting worker with pid: 9
[2025-02-23 22:25:49 +0800] [7] [INFO] Worker exiting (pid: 7)
[2025-02-23 22:25:49 +0800] [10] [INFO] Booting worker with pid: 10
[2025-02-23 22:25:49 +0800] [1] [ERROR] Worker (pid:7) exited with code 4
[2025-02-23 22:25:49 +0800] [8] [INFO] Worker exiting (pid: 8)
[2025-02-23 22:25:49 +0800] [1] [ERROR] Worker (pid:8) exited with code 4
[2025-02-23 22:26:50 +0800] [1] [INFO] Starting gunicorn 23.0.0
[2025-02-23 22:26:50 +0800] [1] [INFO] Listening at: http://0.0.0.0:5000 (1)
[2025-02-23 22:26:50 +0800] [1] [INFO] Using worker: gthread
[2025-02-23 22:26:50 +0800] [8] [INFO] Booting worker with pid: 8
[2025-02-23 22:26:50 +0800] [9] [INFO] Booting worker with pid: 9
[2025-02-23 22:26:50 +0800] [8] [INFO] Worker exiting (pid: 8)
[2025-02-23 22:26:50 +0800] [10] [INFO] Booting worker with pid: 10
[2025-02-23 22:26:50 +0800] [1] [ERROR] Worker (pid:8) exited with code 4
[2025-02-23 22:26:50 +0800] [9] [INFO] Worker exiting (pid: 9)
[2025-02-23 22:26:50 +0800] [1] [ERROR] Worker (pid:9) exited with code 4
[2025-02-23 22:27:50 +0800] [1] [INFO] Starting gunicorn 23.0.0
[2025-02-23 22:27:50 +0800] [1] [INFO] Listening at: http://0.0.0.0:5000 (1)
[2025-02-23 22:27:50 +0800] [1] [INFO] Using worker: gthread
[2025-02-23 22:27:50 +0800] [8] [INFO] Booting worker with pid: 8
[2025-02-23 22:27:50 +0800] [9] [INFO] Booting worker with pid: 9
[2025-02-23 22:27:50 +0800] [8] [INFO] Worker exiting (pid: 8)
[2025-02-23 22:27:50 +0800] [1] [ERROR] Worker (pid:8) exited with code 4
[2025-02-23 22:27:50 +0800] [9] [INFO] Worker exiting (pid: 9)
[2025-02-23 22:27:50 +0800] [1] [ERROR] Worker (pid:9) exited with code 4
[2025-02-23 22:28:51 +0800] [1] [INFO] Starting gunicorn 23.0.0
[2025-02-23 22:28:51 +0800] [1] [INFO] Listening at: http://0.0.0.0:5000 (1)
[2025-02-23 22:28:51 +0800] [1] [INFO] Using worker: gthread
[2025-02-23 22:28:51 +0800] [8] [INFO] Booting worker with pid: 8
[2025-02-23 22:28:51 +0800] [9] [INFO] Booting worker with pid: 9
[2025-02-23 22:28:51 +0800] [10] [INFO] Booting worker with pid: 10
[2025-02-23 22:28:51 +0800] [8] [INFO] Worker exiting (pid: 8)
[2025-02-23 22:28:51 +0800] [1] [ERROR] Worker (pid:8) exited with code 4
[2025-02-23 22:28:51 +0800] [9] [INFO] Worker exiting (pid: 9)
[2025-02-23 22:28:51 +0800] [10] [INFO] Worker exiting (pid: 10)
[2025-02-23 22:28:51 +0800] [1] [ERROR] Worker (pid:9) exited with code 4
[2025-02-23 22:29:51 +0800] [1] [INFO] Starting gunicorn 23.0.0
[2025-02-23 22:29:51 +0800] [1] [INFO] Listening at: http://0.0.0.0:5000 (1)
[2025-02-23 22:29:51 +0800] [1] [INFO] Using worker: gthread
[2025-02-23 22:29:51 +0800] [8] [INFO] Booting worker with pid: 8
[2025-02-23 22:29:51 +0800] [9] [INFO] Booting worker with pid: 9
[2025-02-23 22:29:51 +0800] [10] [INFO] Booting worker with pid: 10
[2025-02-23 22:29:51 +0800] [8] [INFO] Worker exiting (pid: 8)
[2025-02-23 22:29:51 +0800] [1] [ERROR] Worker (pid:8) exited with code 4
[2025-02-23 22:29:51 +0800] [9] [INFO] Worker exiting (pid: 9)
[2025-02-23 22:29:51 +0800] [1] [ERROR] Worker (pid:9) exited with code 4
[2025-02-23 22:30:52 +0800] [1] [INFO] Starting gunicorn 23.0.0
[2025-02-23 22:30:52 +0800] [1] [INFO] Listening at: http://0.0.0.0:5000 (1)
[2025-02-23 22:30:52 +0800] [1] [INFO] Using worker: gthread
[2025-02-23 22:30:52 +0800] [8] [INFO] Booting worker with pid: 8
[2025-02-23 22:30:52 +0800] [9] [INFO] Booting worker with pid: 9
[2025-02-23 22:30:52 +0800] [10] [INFO] Booting worker with pid: 10
[2025-02-23 22:30:52 +0800] [8] [INFO] Worker exiting (pid: 8)
[2025-02-23 22:30:52 +0800] [11] [INFO] Booting worker with pid: 11
[2025-02-23 22:30:52 +0800] [9] [INFO] Worker exiting (pid: 9)
[2025-02-23 22:30:52 +0800] [1] [ERROR] Worker (pid:8) exited with code 4
[2025-02-23 22:30:52 +0800] [1] [ERROR] Worker (pid:9) was sent SIGTERM!
[2025-02-23 22:30:52 +0800] [10] [INFO] Worker exiting (pid: 10)
[2025-02-23 22:30:52 +0800] [1] [ERROR] Worker (pid:10) exited with code 4
[2025-02-23 22:30:52 +0800] [11] [INFO] Worker exiting (pid: 11)
[2025-02-23 22:31:52 +0800] [1] [INFO] Starting gunicorn 23.0.0
[2025-02-23 22:31:52 +0800] [1] [INFO] Listening at: http://0.0.0.0:5000 (1)
[2025-02-23 22:31:52 +0800] [1] [INFO] Using worker: gthread
[2025-02-23 22:31:52 +0800] [8] [INFO] Booting worker with pid: 8
[2025-02-23 22:31:52 +0800] [9] [INFO] Booting worker with pid: 9
[2025-02-23 22:31:52 +0800] [10] [INFO] Booting worker with pid: 10
[2025-02-23 22:31:52 +0800] [8] [INFO] Worker exiting (pid: 8)
[2025-02-23 22:31:52 +0800] [11] [INFO] Booting worker with pid: 11
[2025-02-23 22:31:52 +0800] [1] [ERROR] Worker (pid:8) exited with code 4
[2025-02-23 22:31:52 +0800] [10] [INFO] Worker exiting (pid: 10)
[2025-02-23 22:31:52 +0800] [9] [INFO] Worker exiting (pid: 9)
[2025-02-23 22:31:52 +0800] [1] [ERROR] Worker (pid:9) exited with code 4
[2025-02-23 22:32:53 +0800] [1] [INFO] Starting gunicorn 23.0.0
[2025-02-23 22:32:53 +0800] [1] [INFO] Listening at: http://0.0.0.0:5000 (1)
[2025-02-23 22:32:53 +0800] [1] [INFO] Using worker: gthread
[2025-02-23 22:32:53 +0800] [8] [INFO] Booting worker with pid: 8
[2025-02-23 22:32:53 +0800] [9] [INFO] Booting worker with pid: 9
[2025-02-23 22:32:53 +0800] [10] [INFO] Booting worker with pid: 10
[2025-02-23 22:32:53 +0800] [8] [INFO] Worker exiting (pid: 8)
[2025-02-23 22:32:53 +0800] [1] [ERROR] Worker (pid:8) exited with code 4
[2025-02-23 22:32:53 +0800] [9] [INFO] Worker exiting (pid: 9)
[2025-02-23 22:32:53 +0800] [1] [ERROR] Worker (pid:9) exited with code 4
[2025-02-23 22:32:53 +0800] [10] [INFO] Worker exiting (pid: 10)
[2025-02-23 22:33:53 +0800] [1] [INFO] Starting gunicorn 23.0.0
[2025-02-23 22:33:53 +0800] [1] [INFO] Listening at: http://0.0.0.0:5000 (1)
[2025-02-23 22:33:53 +0800] [1] [INFO] Using worker: gthread
[2025-02-23 22:33:53 +0800] [8] [INFO] Booting worker with pid: 8
[2025-02-23 22:33:53 +0800] [9] [INFO] Booting worker with pid: 9
[2025-02-23 22:33:53 +0800] [10] [INFO] Booting worker with pid: 10
[2025-02-23 22:33:53 +0800] [8] [INFO] Worker exiting (pid: 8)
[2025-02-23 22:33:53 +0800] [9] [INFO] Worker exiting (pid: 9)
[2025-02-23 22:33:53 +0800] [11] [INFO] Booting worker with pid: 11
[2025-02-23 22:33:53 +0800] [1] [ERROR] Worker (pid:8) exited with code 4
[2025-02-23 22:33:53 +0800] [10] [INFO] Worker exiting (pid: 10)
[2025-02-23 22:33:53 +0800] [1] [ERROR] Worker (pid:9) exited with code 4
[2025-02-23 22:34:54 +0800] [1] [INFO] Starting gunicorn 23.0.0
[2025-02-23 22:34:54 +0800] [1] [INFO] Listening at: http://0.0.0.0:5000 (1)
[2025-02-23 22:34:54 +0800] [1] [INFO] Using worker: gthread
[2025-02-23 22:34:54 +0800] [8] [INFO] Booting worker with pid: 8
[2025-02-23 22:34:54 +0800] [9] [INFO] Booting worker with pid: 9
[2025-02-23 22:34:54 +0800] [10] [INFO] Booting worker with pid: 10
[2025-02-23 22:34:54 +0800] [11] [INFO] Booting worker with pid: 11
[2025-02-23 22:34:54 +0800] [8] [INFO] Worker exiting (pid: 8)
[2025-02-23 22:34:54 +0800] [1] [ERROR] Worker (pid:8) exited with code 4
[2025-02-23 22:34:54 +0800] [9] [INFO] Worker exiting (pid: 9)
[2025-02-23 22:34:54 +0800] [1] [ERROR] Worker (pid:9) exited with code 4
[2025-02-23 22:35:54 +0800] [1] [INFO] Starting gunicorn 23.0.0
[2025-02-23 22:35:54 +0800] [1] [INFO] Listening at: http://0.0.0.0:5000 (1)
[2025-02-23 22:35:54 +0800] [1] [INFO] Using worker: gthread
[2025-02-23 22:35:54 +0800] [8] [INFO] Booting worker with pid: 8
[2025-02-23 22:35:54 +0800] [9] [INFO] Booting worker with pid: 9
[2025-02-23 22:35:54 +0800] [10] [INFO] Booting worker with pid: 10
[2025-02-23 22:35:54 +0800] [11] [INFO] Booting worker with pid: 11
[2025-02-23 22:35:54 +0800] [8] [INFO] Worker exiting (pid: 8)
[2025-02-23 22:35:54 +0800] [9] [INFO] Worker exiting (pid: 9)
[2025-02-23 22:35:54 +0800] [10] [INFO] Worker exiting (pid: 10)
[2025-02-23 22:35:54 +0800] [1] [ERROR] Worker (pid:8) exited with code 4
[2025-02-23 22:35:54 +0800] [1] [ERROR] Worker (pid:9) was sent SIGTERM!
[2025-02-23 22:35:54 +0800] [1] [ERROR] Worker (pid:10) was sent SIGTERM!
[2025-02-23 22:35:54 +0800] [11] [INFO] Worker exiting (pid: 11)
[2025-02-23 22:35:54 +0800] [1] [ERROR] Worker (pid:11) exited with code 4
[2025-02-23 22:37:19 +0800] [1] [INFO] Starting gunicorn 23.0.0
[2025-02-23 22:37:19 +0800] [1] [INFO] Listening at: http://0.0.0.0:5000 (1)
[2025-02-23 22:37:19 +0800] [1] [INFO] Using worker: gthread
[2025-02-23 22:37:19 +0800] [8] [INFO] Booting worker with pid: 8
[2025-02-23 22:37:19 +0800] [9] [INFO] Booting worker with pid: 9
[2025-02-23 22:37:19 +0800] [10] [INFO] Booting worker with pid: 10
[2025-02-23 22:37:19 +0800] [11] [INFO] Booting worker with pid: 11
[2025-02-23 22:37:19 +0800] [8] [INFO] Worker exiting (pid: 8)
[2025-02-23 22:37:19 +0800] [9] [INFO] Worker exiting (pid: 9)
[2025-02-23 22:37:19 +0800] [1] [ERROR] Worker (pid:8) exited with code 4
[2025-02-23 22:37:19 +0800] [1] [ERROR] Worker (pid:9) was sent SIGTERM!
[2025-02-23 22:37:19 +0800] [10] [INFO] Worker exiting (pid: 10)
[2025-02-23 22:37:19 +0800] [11] [INFO] Worker exiting (pid: 11)
[2025-02-23 22:37:19 +0800] [1] [ERROR] Worker (pid:10) exited with code 4
[2025-02-23 22:38:19 +0800] [1] [INFO] Starting gunicorn 23.0.0
[2025-02-23 22:38:19 +0800] [1] [INFO] Listening at: http://0.0.0.0:5000 (1)
[2025-02-23 22:38:19 +0800] [1] [INFO] Using worker: gthread
[2025-02-23 22:38:19 +0800] [8] [INFO] Booting worker with pid: 8
[2025-02-23 22:38:19 +0800] [9] [INFO] Booting worker with pid: 9
[2025-02-23 22:38:19 +0800] [8] [INFO] Worker exiting (pid: 8)
[2025-02-23 22:38:19 +0800] [10] [INFO] Booting worker with pid: 10
[2025-02-23 22:38:19 +0800] [1] [ERROR] Worker (pid:8) exited with code 4
[2025-02-23 22:38:19 +0800] [9] [INFO] Worker exiting (pid: 9)
[2025-02-23 22:38:19 +0800] [1] [ERROR] Worker (pid:9) exited with code 4
[2025-02-23 22:39:20 +0800] [1] [INFO] Starting gunicorn 23.0.0
[2025-02-23 22:39:20 +0800] [1] [INFO] Listening at: http://0.0.0.0:5000 (1)
[2025-02-23 22:39:20 +0800] [1] [INFO] Using worker: gthread
[2025-02-23 22:39:20 +0800] [7] [INFO] Booting worker with pid: 7
[2025-02-23 22:39:20 +0800] [8] [INFO] Booting worker with pid: 8
[2025-02-23 22:39:20 +0800] [9] [INFO] Booting worker with pid: 9
[2025-02-23 22:39:20 +0800] [10] [INFO] Booting worker with pid: 10
[2025-02-23 22:39:20 +0800] [7] [INFO] Worker exiting (pid: 7)
[2025-02-23 22:39:20 +0800] [8] [INFO] Worker exiting (pid: 8)
[2025-02-23 22:39:20 +0800] [1] [ERROR] Worker (pid:7) exited with code 4
[2025-02-23 22:39:20 +0800] [1] [ERROR] Worker (pid:8) was sent SIGTERM!
[2025-02-23 22:39:20 +0800] [9] [INFO] Worker exiting (pid: 9)
[2025-02-23 22:39:20 +0800] [10] [INFO] Worker exiting (pid: 10)
[2025-02-23 22:39:20 +0800] [1] [ERROR] Worker (pid:9) exited with code 4
[2025-02-23 22:40:20 +0800] [1] [INFO] Starting gunicorn 23.0.0
[2025-02-23 22:40:20 +0800] [1] [INFO] Listening at: http://0.0.0.0:5000 (1)
[2025-02-23 22:40:20 +0800] [1] [INFO] Using worker: gthread
[2025-02-23 22:40:20 +0800] [7] [INFO] Booting worker with pid: 7
[2025-02-23 22:40:20 +0800] [8] [INFO] Booting worker with pid: 8
[2025-02-23 22:40:20 +0800] [9] [INFO] Booting worker with pid: 9
[2025-02-23 22:40:20 +0800] [10] [INFO] Booting worker with pid: 10
[2025-02-23 22:40:20 +0800] [7] [INFO] Worker exiting (pid: 7)
[2025-02-23 22:40:20 +0800] [8] [INFO] Worker exiting (pid: 8)
[2025-02-23 22:40:20 +0800] [1] [ERROR] Worker (pid:7) exited with code 4
[2025-02-23 22:40:20 +0800] [1] [ERROR] Worker (pid:8) was sent SIGTERM!
[2025-02-23 22:40:20 +0800] [9] [INFO] Worker exiting (pid: 9)
[2025-02-23 22:40:20 +0800] [10] [INFO] Worker exiting (pid: 10)
[2025-02-23 22:40:20 +0800] [1] [ERROR] Worker (pid:9) exited with code 4
[2025-02-23 22:41:21 +0800] [1] [INFO] Starting gunicorn 23.0.0
[2025-02-23 22:41:21 +0800] [1] [INFO] Listening at: http://0.0.0.0:5000 (1)
[2025-02-23 22:41:21 +0800] [1] [INFO] Using worker: gthread
[2025-02-23 22:41:21 +0800] [8] [INFO] Booting worker with pid: 8
[2025-02-23 22:41:21 +0800] [9] [INFO] Booting worker with pid: 9
[2025-02-23 22:41:21 +0800] [10] [INFO] Booting worker with pid: 10
[2025-02-23 22:41:21 +0800] [8] [INFO] Worker exiting (pid: 8)
[2025-02-23 22:41:21 +0800] [1] [ERROR] Worker (pid:8) exited with code 4
[2025-02-23 22:41:21 +0800] [9] [INFO] Worker exiting (pid: 9)
[2025-02-23 22:41:21 +0800] [1] [ERROR] Worker (pid:9) exited with code 4
[2025-02-23 22:42:21 +0800] [1] [INFO] Starting gunicorn 23.0.0
[2025-02-23 22:42:21 +0800] [1] [INFO] Listening at: http://0.0.0.0:5000 (1)
[2025-02-23 22:42:21 +0800] [1] [INFO] Using worker: gthread
[2025-02-23 22:42:21 +0800] [8] [INFO] Booting worker with pid: 8
[2025-02-23 22:42:21 +0800] [9] [INFO] Booting worker with pid: 9
[2025-02-23 22:42:21 +0800] [10] [INFO] Booting worker with pid: 10
[2025-02-23 22:42:21 +0800] [8] [INFO] Worker exiting (pid: 8)
[2025-02-23 22:42:21 +0800] [1] [ERROR] Worker (pid:8) exited with code 4
[2025-02-23 22:42:21 +0800] [11] [INFO] Booting worker with pid: 11
[2025-02-23 22:42:21 +0800] [9] [INFO] Worker exiting (pid: 9)
[2025-02-23 22:42:21 +0800] [10] [INFO] Worker exiting (pid: 10)
[2025-02-23 22:42:21 +0800] [1] [ERROR] Worker (pid:9) exited with code 4
[2025-02-23 22:43:22 +0800] [1] [INFO] Starting gunicorn 23.0.0
[2025-02-23 22:43:22 +0800] [1] [INFO] Listening at: http://0.0.0.0:5000 (1)
[2025-02-23 22:43:22 +0800] [1] [INFO] Using worker: gthread
[2025-02-23 22:43:22 +0800] [7] [INFO] Booting worker with pid: 7
[2025-02-23 22:43:22 +0800] [8] [INFO] Booting worker with pid: 8
[2025-02-23 22:43:22 +0800] [7] [INFO] Worker exiting (pid: 7)
[2025-02-23 22:43:22 +0800] [9] [INFO] Booting worker with pid: 9
[2025-02-23 22:43:22 +0800] [1] [ERROR] Worker (pid:7) exited with code 4
[2025-02-23 22:43:22 +0800] [8] [INFO] Worker exiting (pid: 8)
[2025-02-23 22:43:22 +0800] [1] [ERROR] Worker (pid:8) exited with code 4
[2025-02-23 22:44:22 +0800] [1] [INFO] Starting gunicorn 23.0.0
[2025-02-23 22:44:22 +0800] [1] [INFO] Listening at: http://0.0.0.0:5000 (1)
[2025-02-23 22:44:22 +0800] [1] [INFO] Using worker: gthread
[2025-02-23 22:44:22 +0800] [8] [INFO] Booting worker with pid: 8
[2025-02-23 22:44:22 +0800] [9] [INFO] Booting worker with pid: 9
[2025-02-23 22:44:22 +0800] [8] [INFO] Worker exiting (pid: 8)
[2025-02-23 22:44:22 +0800] [1] [ERROR] Worker (pid:8) exited with code 4
[2025-02-23 22:44:22 +0800] [9] [INFO] Worker exiting (pid: 9)
[2025-02-23 22:44:22 +0800] [1] [ERROR] Worker (pid:9) exited with code 4
[2025-02-23 22:45:23 +0800] [1] [INFO] Starting gunicorn 23.0.0
[2025-02-23 22:45:23 +0800] [1] [INFO] Listening at: http://0.0.0.0:5000 (1)
[2025-02-23 22:45:23 +0800] [1] [INFO] Using worker: gthread
[2025-02-23 22:45:23 +0800] [8] [INFO] Booting worker with pid: 8
[2025-02-23 22:45:23 +0800] [9] [INFO] Booting worker with pid: 9
[2025-02-23 22:45:23 +0800] [8] [INFO] Worker exiting (pid: 8)
[2025-02-23 22:45:23 +0800] [1] [ERROR] Worker (pid:8) exited with code 4
[2025-02-23 22:45:23 +0800] [9] [INFO] Worker exiting (pid: 9)
[2025-02-23 22:45:23 +0800] [1] [ERROR] Worker (pid:9) exited with code 4
[2025-02-23 22:46:23 +0800] [1] [INFO] Starting gunicorn 23.0.0
[2025-02-23 22:46:23 +0800] [1] [INFO] Listening at: http://0.0.0.0:5000 (1)
[2025-02-23 22:46:23 +0800] [1] [INFO] Using worker: gthread
[2025-02-23 22:46:23 +0800] [8] [INFO] Booting worker with pid: 8
[2025-02-23 22:46:23 +0800] [9] [INFO] Booting worker with pid: 9
[2025-02-23 22:46:23 +0800] [8] [INFO] Worker exiting (pid: 8)
[2025-02-23 22:46:23 +0800] [1] [ERROR] Worker (pid:8) exited with code 4
[2025-02-23 22:46:23 +0800] [9] [INFO] Worker exiting (pid: 9)
[2025-02-23 22:46:23 +0800] [1] [ERROR] Worker (pid:9) exited with code 4
[2025-02-23 22:47:23 +0800] [1] [INFO] Starting gunicorn 23.0.0
[2025-02-23 22:47:23 +0800] [1] [INFO] Listening at: http://0.0.0.0:5000 (1)
[2025-02-23 22:47:23 +0800] [1] [INFO] Using worker: gthread
[2025-02-23 22:47:23 +0800] [8] [INFO] Booting worker with pid: 8
[2025-02-23 22:47:23 +0800] [9] [INFO] Booting worker with pid: 9
[2025-02-23 22:47:23 +0800] [10] [INFO] Booting worker with pid: 10
[2025-02-23 22:47:24 +0800] [8] [INFO] Worker exiting (pid: 8)
[2025-02-23 22:47:24 +0800] [11] [INFO] Booting worker with pid: 11
[2025-02-23 22:47:24 +0800] [1] [ERROR] Worker (pid:8) exited with code 4
[2025-02-23 22:47:24 +0800] [9] [INFO] Worker exiting (pid: 9)
[2025-02-23 22:47:24 +0800] [10] [INFO] Worker exiting (pid: 10)
[2025-02-23 22:47:24 +0800] [1] [ERROR] Worker (pid:9) exited with code 4
[2025-02-23 22:57:42 +0800] [1] [INFO] Starting gunicorn 23.0.0
[2025-02-23 22:57:42 +0800] [1] [INFO] Listening at: http://0.0.0.0:5000 (1)
[2025-02-23 22:57:42 +0800] [1] [INFO] Using worker: gthread
[2025-02-23 22:57:42 +0800] [8] [INFO] Booting worker with pid: 8
[2025-02-23 22:57:42 +0800] [9] [INFO] Booting worker with pid: 9
[2025-02-23 22:57:42 +0800] [10] [INFO] Booting worker with pid: 10
[2025-02-23 22:57:42 +0800] [8] [INFO] Worker exiting (pid: 8)
[2025-02-23 22:57:42 +0800] [11] [INFO] Booting worker with pid: 11
[2025-02-23 22:57:42 +0800] [1] [ERROR] Worker (pid:8) exited with code 4
[2025-02-23 22:57:42 +0800] [9] [INFO] Worker exiting (pid: 9)
[2025-02-23 22:57:42 +0800] [10] [INFO] Worker exiting (pid: 10)
[2025-02-23 22:57:42 +0800] [1] [ERROR] Worker (pid:9) exited with code 4
[2025-02-23 22:57:42 +0800] [1] [INFO] Starting gunicorn 23.0.0
[2025-02-23 22:57:42 +0800] [1] [INFO] Listening at: http://0.0.0.0:5000 (1)
[2025-02-23 22:57:42 +0800] [1] [INFO] Using worker: gthread
[2025-02-23 22:57:42 +0800] [8] [INFO] Booting worker with pid: 8
[2025-02-23 22:57:42 +0800] [9] [INFO] Booting worker with pid: 9
[2025-02-23 22:57:43 +0800] [10] [INFO] Booting worker with pid: 10
[2025-02-23 22:57:43 +0800] [8] [INFO] Worker exiting (pid: 8)
[2025-02-23 22:57:43 +0800] [11] [INFO] Booting worker with pid: 11
[2025-02-23 22:57:43 +0800] [1] [ERROR] Worker (pid:8) exited with code 4
[2025-02-23 22:57:43 +0800] [9] [INFO] Worker exiting (pid: 9)
[2025-02-23 22:57:43 +0800] [1] [ERROR] Worker (pid:9) exited with code 4
[2025-02-23 22:57:43 +0800] [10] [INFO] Worker exiting (pid: 10)
[2025-02-23 22:57:43 +0800] [1] [INFO] Starting gunicorn 23.0.0
[2025-02-23 22:57:43 +0800] [1] [INFO] Listening at: http://0.0.0.0:5000 (1)
[2025-02-23 22:57:43 +0800] [1] [INFO] Using worker: gthread
[2025-02-23 22:57:43 +0800] [8] [INFO] Booting worker with pid: 8
[2025-02-23 22:57:43 +0800] [9] [INFO] Booting worker with pid: 9
[2025-02-23 22:57:43 +0800] [8] [INFO] Worker exiting (pid: 8)
[2025-02-23 22:57:43 +0800] [1] [ERROR] Worker (pid:8) exited with code 4
[2025-02-23 22:57:43 +0800] [9] [INFO] Worker exiting (pid: 9)
[2025-02-23 22:57:43 +0800] [1] [ERROR] Worker (pid:9) exited with code 4
[2025-02-23 22:57:44 +0800] [1] [INFO] Starting gunicorn 23.0.0
[2025-02-23 22:57:44 +0800] [1] [INFO] Listening at: http://0.0.0.0:5000 (1)
[2025-02-23 22:57:44 +0800] [1] [INFO] Using worker: gthread
[2025-02-23 22:57:44 +0800] [7] [INFO] Booting worker with pid: 7
[2025-02-23 22:57:44 +0800] [8] [INFO] Booting worker with pid: 8
[2025-02-23 22:57:44 +0800] [9] [INFO] Booting worker with pid: 9
[2025-02-23 22:57:44 +0800] [10] [INFO] Booting worker with pid: 10
[2025-02-23 22:57:44 +0800] [7] [INFO] Worker exiting (pid: 7)
[2025-02-23 22:57:44 +0800] [8] [INFO] Worker exiting (pid: 8)
[2025-02-23 22:57:44 +0800] [9] [INFO] Worker exiting (pid: 9)
[2025-02-23 22:57:44 +0800] [1] [ERROR] Worker (pid:7) exited with code 4
[2025-02-23 22:57:44 +0800] [1] [ERROR] Worker (pid:9) was sent SIGTERM!
[2025-02-23 22:57:44 +0800] [10] [INFO] Worker exiting (pid: 10)
[2025-02-23 22:57:44 +0800] [1] [ERROR] Worker (pid:10) exited with code 4
[2025-02-23 22:57:45 +0800] [1] [INFO] Starting gunicorn 23.0.0
[2025-02-23 22:57:45 +0800] [1] [INFO] Listening at: http://0.0.0.0:5000 (1)
[2025-02-23 22:57:45 +0800] [1] [INFO] Using worker: gthread
[2025-02-23 22:57:45 +0800] [8] [INFO] Booting worker with pid: 8
[2025-02-23 22:57:45 +0800] [9] [INFO] Booting worker with pid: 9
[2025-02-23 22:57:45 +0800] [10] [INFO] Booting worker with pid: 10
[2025-02-23 22:57:45 +0800] [9] [INFO] Worker exiting (pid: 9)
[2025-02-23 22:57:45 +0800] [8] [INFO] Worker exiting (pid: 8)
[2025-02-23 22:57:45 +0800] [1] [ERROR] Worker (pid:8) exited with code 4
[2025-02-23 22:57:45 +0800] [10] [INFO] Worker exiting (pid: 10)
[2025-02-23 22:57:45 +0800] [1] [ERROR] Worker (pid:10) exited with code 4
[2025-02-23 22:57:47 +0800] [1] [INFO] Starting gunicorn 23.0.0
[2025-02-23 22:57:47 +0800] [1] [INFO] Listening at: http://0.0.0.0:5000 (1)
[2025-02-23 22:57:47 +0800] [1] [INFO] Using worker: gthread
[2025-02-23 22:57:47 +0800] [8] [INFO] Booting worker with pid: 8
[2025-02-23 22:57:47 +0800] [9] [INFO] Booting worker with pid: 9
[2025-02-23 22:57:47 +0800] [10] [INFO] Booting worker with pid: 10
[2025-02-23 22:57:47 +0800] [11] [INFO] Booting worker with pid: 11
[2025-02-23 22:57:47 +0800] [8] [INFO] Worker exiting (pid: 8)
[2025-02-23 22:57:47 +0800] [9] [INFO] Worker exiting (pid: 9)
[2025-02-23 22:57:47 +0800] [1] [ERROR] Worker (pid:8) exited with code 4
[2025-02-23 22:57:47 +0800] [10] [INFO] Worker exiting (pid: 10)
[2025-02-23 22:57:47 +0800] [1] [ERROR] Worker (pid:10) exited with code 4
[2025-02-23 22:57:51 +0800] [1] [INFO] Starting gunicorn 23.0.0
[2025-02-23 22:57:51 +0800] [1] [INFO] Listening at: http://0.0.0.0:5000 (1)
[2025-02-23 22:57:51 +0800] [1] [INFO] Using worker: gthread
[2025-02-23 22:57:51 +0800] [8] [INFO] Booting worker with pid: 8
[2025-02-23 22:57:51 +0800] [9] [INFO] Booting worker with pid: 9
[2025-02-23 22:57:51 +0800] [10] [INFO] Booting worker with pid: 10
[2025-02-23 22:57:51 +0800] [8] [INFO] Worker exiting (pid: 8)
[2025-02-23 22:57:51 +0800] [11] [INFO] Booting worker with pid: 11
[2025-02-23 22:57:51 +0800] [1] [ERROR] Worker (pid:8) exited with code 4
[2025-02-23 22:57:51 +0800] [9] [INFO] Worker exiting (pid: 9)
[2025-02-23 22:57:51 +0800] [10] [INFO] Worker exiting (pid: 10)
[2025-02-23 22:57:51 +0800] [1] [ERROR] Worker (pid:9) exited with code 4
[2025-02-23 22:57:58 +0800] [1] [INFO] Starting gunicorn 23.0.0
[2025-02-23 22:57:58 +0800] [1] [INFO] Listening at: http://0.0.0.0:5000 (1)
[2025-02-23 22:57:58 +0800] [1] [INFO] Using worker: gthread
[2025-02-23 22:57:58 +0800] [8] [INFO] Booting worker with pid: 8
[2025-02-23 22:57:58 +0800] [9] [INFO] Booting worker with pid: 9
[2025-02-23 22:57:58 +0800] [10] [INFO] Booting worker with pid: 10
[2025-02-23 22:57:58 +0800] [11] [INFO] Booting worker with pid: 11
[2025-02-23 22:57:58 +0800] [8] [INFO] Worker exiting (pid: 8)
[2025-02-23 22:57:58 +0800] [9] [INFO] Worker exiting (pid: 9)
[2025-02-23 22:57:58 +0800] [10] [INFO] Worker exiting (pid: 10)
[2025-02-23 22:57:58 +0800] [1] [ERROR] Worker (pid:8) exited with code 4
[2025-02-23 22:57:58 +0800] [1] [ERROR] Worker (pid:9) was sent SIGTERM!
[2025-02-23 22:57:58 +0800] [1] [ERROR] Worker (pid:10) was sent SIGTERM!
[2025-02-23 22:57:58 +0800] [11] [INFO] Worker exiting (pid: 11)
[2025-02-23 22:57:58 +0800] [1] [ERROR] Worker (pid:11) exited with code 4
[2025-02-23 22:58:11 +0800] [1] [INFO] Starting gunicorn 23.0.0
[2025-02-23 22:58:11 +0800] [1] [INFO] Listening at: http://0.0.0.0:5000 (1)
[2025-02-23 22:58:11 +0800] [1] [INFO] Using worker: gthread
[2025-02-23 22:58:11 +0800] [8] [INFO] Booting worker with pid: 8
[2025-02-23 22:58:11 +0800] [9] [INFO] Booting worker with pid: 9
[2025-02-23 22:58:11 +0800] [8] [INFO] Worker exiting (pid: 8)
[2025-02-23 22:58:11 +0800] [1] [ERROR] Worker (pid:8) exited with code 4
[2025-02-23 22:58:11 +0800] [10] [INFO] Booting worker with pid: 10
[2025-02-23 22:58:11 +0800] [9] [INFO] Worker exiting (pid: 9)
[2025-02-23 22:58:11 +0800] [1] [ERROR] Worker (pid:9) exited with code 4
[2025-02-23 22:58:11 +0800] [10] [INFO] Worker exiting (pid: 10)
[2025-02-23 22:58:11 +0800] [1] [ERROR] Worker (pid:10) exited with code 4
[2025-02-23 22:58:37 +0800] [1] [INFO] Starting gunicorn 23.0.0
[2025-02-23 22:58:37 +0800] [1] [INFO] Listening at: http://0.0.0.0:5000 (1)
[2025-02-23 22:58:37 +0800] [1] [INFO] Using worker: gthread
[2025-02-23 22:58:37 +0800] [8] [INFO] Booting worker with pid: 8
[2025-02-23 22:58:37 +0800] [9] [INFO] Booting worker with pid: 9
[2025-02-23 22:58:37 +0800] [8] [INFO] Worker exiting (pid: 8)
[2025-02-23 22:58:37 +0800] [1] [ERROR] Worker (pid:8) exited with code 4
[2025-02-23 22:58:37 +0800] [9] [INFO] Worker exiting (pid: 9)
[2025-02-23 22:58:37 +0800] [1] [ERROR] Worker (pid:9) exited with code 4
[2025-02-23 22:59:29 +0800] [1] [INFO] Starting gunicorn 23.0.0
[2025-02-23 22:59:29 +0800] [1] [INFO] Listening at: http://0.0.0.0:5000 (1)
[2025-02-23 22:59:29 +0800] [1] [INFO] Using worker: gthread
[2025-02-23 22:59:29 +0800] [7] [INFO] Booting worker with pid: 7
[2025-02-23 22:59:29 +0800] [8] [INFO] Booting worker with pid: 8
[2025-02-23 22:59:29 +0800] [9] [INFO] Booting worker with pid: 9
[2025-02-23 22:59:29 +0800] [7] [INFO] Worker exiting (pid: 7)
[2025-02-23 22:59:29 +0800] [10] [INFO] Booting worker with pid: 10
[2025-02-23 22:59:29 +0800] [8] [INFO] Worker exiting (pid: 8)
[2025-02-23 22:59:29 +0800] [1] [ERROR] Worker (pid:7) exited with code 4
[2025-02-23 22:59:29 +0800] [1] [ERROR] Worker (pid:8) was sent SIGTERM!
[2025-02-23 22:59:29 +0800] [9] [INFO] Worker exiting (pid: 9)
[2025-02-23 22:59:29 +0800] [1] [ERROR] Worker (pid:9) exited with code 4
[2025-02-23 23:00:29 +0800] [1] [INFO] Starting gunicorn 23.0.0
[2025-02-23 23:00:29 +0800] [1] [INFO] Listening at: http://0.0.0.0:5000 (1)
[2025-02-23 23:00:29 +0800] [1] [INFO] Using worker: gthread
[2025-02-23 23:00:29 +0800] [8] [INFO] Booting worker with pid: 8
[2025-02-23 23:00:29 +0800] [9] [INFO] Booting worker with pid: 9
[2025-02-23 23:00:29 +0800] [10] [INFO] Booting worker with pid: 10
[2025-02-23 23:00:29 +0800] [8] [INFO] Worker exiting (pid: 8)
[2025-02-23 23:00:29 +0800] [1] [ERROR] Worker (pid:8) exited with code 4
[2025-02-23 23:00:29 +0800] [9] [INFO] Worker exiting (pid: 9)
[2025-02-23 23:00:29 +0800] [10] [INFO] Worker exiting (pid: 10)
[2025-02-23 23:00:29 +0800] [1] [ERROR] Worker (pid:9) exited with code 4
[2025-02-23 23:01:30 +0800] [1] [INFO] Starting gunicorn 23.0.0
[2025-02-23 23:01:30 +0800] [1] [INFO] Listening at: http://0.0.0.0:5000 (1)
[2025-02-23 23:01:30 +0800] [1] [INFO] Using worker: gthread
[2025-02-23 23:01:30 +0800] [7] [INFO] Booting worker with pid: 7
[2025-02-23 23:01:30 +0800] [8] [INFO] Booting worker with pid: 8
[2025-02-23 23:01:30 +0800] [9] [INFO] Booting worker with pid: 9
[2025-02-23 23:01:30 +0800] [7] [INFO] Worker exiting (pid: 7)
[2025-02-23 23:01:30 +0800] [1] [ERROR] Worker (pid:7) exited with code 4
[2025-02-23 23:01:30 +0800] [8] [INFO] Worker exiting (pid: 8)
[2025-02-23 23:01:30 +0800] [1] [ERROR] Worker (pid:8) exited with code 4
[2025-02-23 23:02:30 +0800] [1] [INFO] Starting gunicorn 23.0.0
[2025-02-23 23:02:30 +0800] [1] [INFO] Listening at: http://0.0.0.0:5000 (1)
[2025-02-23 23:02:30 +0800] [1] [INFO] Using worker: gthread
[2025-02-23 23:02:30 +0800] [8] [INFO] Booting worker with pid: 8
[2025-02-23 23:02:30 +0800] [9] [INFO] Booting worker with pid: 9
[2025-02-23 23:02:30 +0800] [8] [INFO] Worker exiting (pid: 8)
[2025-02-23 23:02:30 +0800] [10] [INFO] Booting worker with pid: 10
[2025-02-23 23:02:30 +0800] [1] [ERROR] Worker (pid:8) exited with code 4
[2025-02-23 23:02:30 +0800] [9] [INFO] Worker exiting (pid: 9)
[2025-02-23 23:02:30 +0800] [1] [ERROR] Worker (pid:9) exited with code 4
[2025-02-23 23:16:26 +0800] [1] [INFO] Starting gunicorn 23.0.0
[2025-02-23 23:16:26 +0800] [1] [INFO] Listening at: http://0.0.0.0:5000 (1)
[2025-02-23 23:16:26 +0800] [1] [INFO] Using worker: gthread
[2025-02-23 23:16:26 +0800] [8] [INFO] Booting worker with pid: 8
[2025-02-23 23:16:26 +0800] [9] [INFO] Booting worker with pid: 9
[2025-02-23 23:16:26 +0800] [10] [INFO] Booting worker with pid: 10
[2025-02-23 23:16:26 +0800] [8] [INFO] Worker exiting (pid: 8)
[2025-02-23 23:16:26 +0800] [11] [INFO] Booting worker with pid: 11
[2025-02-23 23:16:26 +0800] [1] [ERROR] Worker (pid:8) exited with code 4
[2025-02-23 23:16:26 +0800] [9] [INFO] Worker exiting (pid: 9)
[2025-02-23 23:16:26 +0800] [10] [INFO] Worker exiting (pid: 10)
[2025-02-23 23:16:26 +0800] [1] [ERROR] Worker (pid:9) exited with code 4
[2025-02-23 23:17:27 +0800] [1] [INFO] Starting gunicorn 23.0.0
[2025-02-23 23:17:27 +0800] [1] [INFO] Listening at: http://0.0.0.0:5000 (1)
[2025-02-23 23:17:27 +0800] [1] [INFO] Using worker: gthread
[2025-02-23 23:17:27 +0800] [8] [INFO] Booting worker with pid: 8
[2025-02-23 23:17:27 +0800] [9] [INFO] Booting worker with pid: 9
[2025-02-23 23:17:27 +0800] [10] [INFO] Booting worker with pid: 10
[2025-02-23 23:17:27 +0800] [8] [INFO] Worker exiting (pid: 8)
[2025-02-23 23:17:27 +0800] [1] [ERROR] Worker (pid:8) exited with code 4
[2025-02-23 23:17:27 +0800] [9] [INFO] Worker exiting (pid: 9)
[2025-02-23 23:17:27 +0800] [10] [INFO] Worker exiting (pid: 10)
[2025-02-23 23:17:27 +0800] [1] [ERROR] Worker (pid:9) exited with code 4
[2025-02-23 23:18:27 +0800] [1] [INFO] Starting gunicorn 23.0.0
[2025-02-23 23:18:27 +0800] [1] [INFO] Listening at: http://0.0.0.0:5000 (1)
[2025-02-23 23:18:27 +0800] [1] [INFO] Using worker: gthread
[2025-02-23 23:18:27 +0800] [8] [INFO] Booting worker with pid: 8
[2025-02-23 23:18:27 +0800] [9] [INFO] Booting worker with pid: 9
[2025-02-23 23:18:27 +0800] [8] [INFO] Worker exiting (pid: 8)
[2025-02-23 23:18:27 +0800] [10] [INFO] Booting worker with pid: 10
[2025-02-23 23:18:27 +0800] [11] [INFO] Booting worker with pid: 11
[2025-02-23 23:18:27 +0800] [1] [ERROR] Worker (pid:8) exited with code 4
[2025-02-23 23:18:27 +0800] [9] [INFO] Worker exiting (pid: 9)
[2025-02-23 23:18:27 +0800] [1] [ERROR] Worker (pid:9) exited with code 4
[2025-02-23 23:18:27 +0800] [10] [INFO] Worker exiting (pid: 10)
[2025-02-23 23:19:28 +0800] [1] [INFO] Starting gunicorn 23.0.0
[2025-02-23 23:19:28 +0800] [1] [INFO] Listening at: http://0.0.0.0:5000 (1)
[2025-02-23 23:19:28 +0800] [1] [INFO] Using worker: gthread
[2025-02-23 23:19:28 +0800] [8] [INFO] Booting worker with pid: 8
[2025-02-23 23:19:28 +0800] [9] [INFO] Booting worker with pid: 9
[2025-02-23 23:19:28 +0800] [10] [INFO] Booting worker with pid: 10
[2025-02-23 23:19:28 +0800] [11] [INFO] Booting worker with pid: 11
[2025-02-23 23:19:28 +0800] [8] [INFO] Worker exiting (pid: 8)
[2025-02-23 23:19:28 +0800] [9] [INFO] Worker exiting (pid: 9)
[2025-02-23 23:19:28 +0800] [1] [ERROR] Worker (pid:8) exited with code 4
[2025-02-23 23:19:28 +0800] [1] [ERROR] Worker (pid:9) was sent SIGTERM!
[2025-02-23 23:19:28 +0800] [10] [INFO] Worker exiting (pid: 10)
[2025-02-23 23:19:28 +0800] [1] [ERROR] Worker (pid:10) exited with code 4
[2025-02-23 23:20:28 +0800] [1] [INFO] Starting gunicorn 23.0.0
[2025-02-23 23:20:28 +0800] [1] [INFO] Listening at: http://0.0.0.0:5000 (1)
[2025-02-23 23:20:28 +0800] [1] [INFO] Using worker: gthread
[2025-02-23 23:20:28 +0800] [8] [INFO] Booting worker with pid: 8
[2025-02-23 23:20:28 +0800] [9] [INFO] Booting worker with pid: 9
[2025-02-23 23:20:28 +0800] [10] [INFO] Booting worker with pid: 10
[2025-02-23 23:20:28 +0800] [8] [INFO] Worker exiting (pid: 8)
[2025-02-23 23:20:28 +0800] [9] [INFO] Worker exiting (pid: 9)
[2025-02-23 23:20:28 +0800] [1] [ERROR] Worker (pid:8) exited with code 4
[2025-02-23 23:20:28 +0800] [1] [ERROR] Worker (pid:9) was sent SIGTERM!
[2025-02-23 23:20:28 +0800] [10] [INFO] Worker exiting (pid: 10)
[2025-02-23 23:20:28 +0800] [1] [ERROR] Worker (pid:10) exited with code 4
[2025-02-23 23:21:28 +0800] [1] [INFO] Starting gunicorn 23.0.0
[2025-02-23 23:21:28 +0800] [1] [INFO] Listening at: http://0.0.0.0:5000 (1)
[2025-02-23 23:21:28 +0800] [1] [INFO] Using worker: gthread
[2025-02-23 23:21:28 +0800] [8] [INFO] Booting worker with pid: 8
[2025-02-23 23:21:29 +0800] [9] [INFO] Booting worker with pid: 9
[2025-02-23 23:21:29 +0800] [10] [INFO] Booting worker with pid: 10
[2025-02-23 23:21:29 +0800] [11] [INFO] Booting worker with pid: 11
[2025-02-23 23:21:29 +0800] [8] [INFO] Worker exiting (pid: 8)
[2025-02-23 23:21:29 +0800] [1] [ERROR] Worker (pid:8) exited with code 4
[2025-02-23 23:21:29 +0800] [9] [INFO] Worker exiting (pid: 9)
[2025-02-23 23:21:29 +0800] [10] [INFO] Worker exiting (pid: 10)
[2025-02-23 23:21:29 +0800] [11] [INFO] Worker exiting (pid: 11)
[2025-02-23 23:21:29 +0800] [1] [ERROR] Worker (pid:9) exited with code 4
[2025-02-23 23:22:29 +0800] [1] [INFO] Starting gunicorn 23.0.0
[2025-02-23 23:22:29 +0800] [1] [INFO] Listening at: http://0.0.0.0:5000 (1)
[2025-02-23 23:22:29 +0800] [1] [INFO] Using worker: gthread
[2025-02-23 23:22:29 +0800] [8] [INFO] Booting worker with pid: 8
[2025-02-23 23:22:29 +0800] [9] [INFO] Booting worker with pid: 9
[2025-02-23 23:22:29 +0800] [10] [INFO] Booting worker with pid: 10
[2025-02-23 23:22:29 +0800] [8] [INFO] Worker exiting (pid: 8)
[2025-02-23 23:22:29 +0800] [1] [ERROR] Worker (pid:8) exited with code 4
[2025-02-23 23:22:29 +0800] [9] [INFO] Worker exiting (pid: 9)
[2025-02-23 23:22:29 +0800] [1] [ERROR] Worker (pid:9) exited with code 4
[2025-02-23 23:22:29 +0800] [10] [INFO] Worker exiting (pid: 10)
[2025-02-23 23:23:29 +0800] [1] [INFO] Starting gunicorn 23.0.0
[2025-02-23 23:23:29 +0800] [1] [INFO] Listening at: http://0.0.0.0:5000 (1)
[2025-02-23 23:23:29 +0800] [1] [INFO] Using worker: gthread
[2025-02-23 23:23:29 +0800] [8] [INFO] Booting worker with pid: 8
[2025-02-23 23:23:29 +0800] [9] [INFO] Booting worker with pid: 9
[2025-02-23 23:23:29 +0800] [8] [INFO] Worker exiting (pid: 8)
[2025-02-23 23:23:29 +0800] [1] [ERROR] Worker (pid:8) exited with code 4
[2025-02-23 23:23:30 +0800] [9] [INFO] Worker exiting (pid: 9)
[2025-02-23 23:23:30 +0800] [1] [ERROR] Worker (pid:9) exited with code 4
[2025-02-23 23:24:30 +0800] [1] [INFO] Starting gunicorn 23.0.0
[2025-02-23 23:24:30 +0800] [1] [INFO] Listening at: http://0.0.0.0:5000 (1)
[2025-02-23 23:24:30 +0800] [1] [INFO] Using worker: gthread
[2025-02-23 23:24:30 +0800] [8] [INFO] Booting worker with pid: 8
[2025-02-23 23:24:30 +0800] [9] [INFO] Booting worker with pid: 9
[2025-02-23 23:24:30 +0800] [8] [INFO] Worker exiting (pid: 8)
[2025-02-23 23:24:30 +0800] [1] [ERROR] Worker (pid:8) exited with code 4
[2025-02-23 23:24:30 +0800] [9] [INFO] Worker exiting (pid: 9)
[2025-02-23 23:24:30 +0800] [1] [ERROR] Worker (pid:9) exited with code 4
[2025-02-24 22:35:44 +0800] [1] [INFO] Starting gunicorn 23.0.0
[2025-02-24 22:35:44 +0800] [1] [INFO] Listening at: http://0.0.0.0:5000 (1)
[2025-02-24 22:35:44 +0800] [1] [INFO] Using worker: gthread
[2025-02-24 22:35:44 +0800] [8] [INFO] Booting worker with pid: 8
[2025-02-24 22:35:44 +0800] [9] [INFO] Booting worker with pid: 9
[2025-02-24 22:35:44 +0800] [10] [INFO] Booting worker with pid: 10
[2025-02-24 22:35:44 +0800] [11] [INFO] Booting worker with pid: 11
[2025-02-24 22:35:44 +0800] [9] [INFO] Worker exiting (pid: 9)
[2025-02-24 22:35:44 +0800] [8] [INFO] Worker exiting (pid: 8)
[2025-02-24 22:35:44 +0800] [10] [INFO] Worker exiting (pid: 10)
[2025-02-24 22:35:44 +0800] [1] [ERROR] Worker (pid:10) exited with code 4
[2025-02-24 22:35:44 +0800] [1] [ERROR] Worker (pid:8) was sent SIGTERM!
[2025-02-24 22:35:44 +0800] [1] [ERROR] Worker (pid:9) was sent SIGTERM!
[2025-02-24 22:35:44 +0800] [11] [INFO] Worker exiting (pid: 11)
[2025-02-24 22:35:44 +0800] [1] [ERROR] Worker (pid:11) exited with code 4
[2025-02-24 22:35:45 +0800] [1] [INFO] Starting gunicorn 23.0.0
[2025-02-24 22:35:45 +0800] [1] [INFO] Listening at: http://0.0.0.0:5000 (1)
[2025-02-24 22:35:45 +0800] [1] [INFO] Using worker: gthread
[2025-02-24 22:35:45 +0800] [8] [INFO] Booting worker with pid: 8
[2025-02-24 22:35:45 +0800] [9] [INFO] Booting worker with pid: 9
[2025-02-24 22:35:45 +0800] [8] [INFO] Worker exiting (pid: 8)
[2025-02-24 22:35:45 +0800] [1] [ERROR] Worker (pid:8) exited with code 4
[2025-02-24 22:35:45 +0800] [9] [INFO] Worker exiting (pid: 9)
[2025-02-24 22:35:45 +0800] [1] [ERROR] Worker (pid:9) exited with code 4
[2025-02-24 22:35:46 +0800] [1] [INFO] Starting gunicorn 23.0.0
[2025-02-24 22:35:46 +0800] [1] [INFO] Listening at: http://0.0.0.0:5000 (1)
[2025-02-24 22:35:46 +0800] [1] [INFO] Using worker: gthread
[2025-02-24 22:35:46 +0800] [8] [INFO] Booting worker with pid: 8
[2025-02-24 22:35:46 +0800] [9] [INFO] Booting worker with pid: 9
[2025-02-24 22:35:46 +0800] [8] [INFO] Worker exiting (pid: 8)
[2025-02-24 22:35:46 +0800] [10] [INFO] Booting worker with pid: 10
[2025-02-24 22:35:46 +0800] [1] [ERROR] Worker (pid:8) exited with code 4
[2025-02-24 22:35:46 +0800] [9] [INFO] Worker exiting (pid: 9)
[2025-02-24 22:35:46 +0800] [1] [ERROR] Worker (pid:9) exited with code 4
[2025-02-24 22:35:46 +0800] [10] [INFO] Worker exiting (pid: 10)
[2025-02-24 22:35:46 +0800] [1] [INFO] Starting gunicorn 23.0.0
[2025-02-24 22:35:46 +0800] [1] [INFO] Listening at: http://0.0.0.0:5000 (1)
[2025-02-24 22:35:46 +0800] [1] [INFO] Using worker: gthread
[2025-02-24 22:35:46 +0800] [7] [INFO] Booting worker with pid: 7
[2025-02-24 22:35:46 +0800] [8] [INFO] Booting worker with pid: 8
[2025-02-24 22:35:47 +0800] [7] [INFO] Worker exiting (pid: 7)
[2025-02-24 22:35:47 +0800] [9] [INFO] Booting worker with pid: 9
[2025-02-24 22:35:47 +0800] [10] [INFO] Booting worker with pid: 10
[2025-02-24 22:35:47 +0800] [1] [ERROR] Worker (pid:7) exited with code 4
[2025-02-24 22:35:47 +0800] [8] [INFO] Worker exiting (pid: 8)
[2025-02-24 22:35:47 +0800] [1] [ERROR] Worker (pid:8) exited with code 4
[2025-02-24 22:35:48 +0800] [1] [INFO] Starting gunicorn 23.0.0
[2025-02-24 22:35:48 +0800] [1] [INFO] Listening at: http://0.0.0.0:5000 (1)
[2025-02-24 22:35:48 +0800] [1] [INFO] Using worker: gthread
[2025-02-24 22:35:48 +0800] [8] [INFO] Booting worker with pid: 8
[2025-02-24 22:35:48 +0800] [9] [INFO] Booting worker with pid: 9
[2025-02-24 22:35:48 +0800] [10] [INFO] Booting worker with pid: 10
[2025-02-24 22:35:48 +0800] [8] [INFO] Worker exiting (pid: 8)
[2025-02-24 22:35:48 +0800] [9] [INFO] Worker exiting (pid: 9)
[2025-02-24 22:35:48 +0800] [11] [INFO] Booting worker with pid: 11
[2025-02-24 22:35:48 +0800] [1] [ERROR] Worker (pid:8) exited with code 4
[2025-02-24 22:35:48 +0800] [1] [ERROR] Worker (pid:9) was sent SIGTERM!
[2025-02-24 22:35:48 +0800] [10] [INFO] Worker exiting (pid: 10)
[2025-02-24 22:35:48 +0800] [1] [ERROR] Worker (pid:10) exited with code 4
[2025-02-24 22:35:50 +0800] [1] [INFO] Starting gunicorn 23.0.0
[2025-02-24 22:35:50 +0800] [1] [INFO] Listening at: http://0.0.0.0:5000 (1)
[2025-02-24 22:35:50 +0800] [1] [INFO] Using worker: gthread
[2025-02-24 22:35:50 +0800] [8] [INFO] Booting worker with pid: 8
[2025-02-24 22:35:50 +0800] [9] [INFO] Booting worker with pid: 9
[2025-02-24 22:35:50 +0800] [8] [INFO] Worker exiting (pid: 8)
[2025-02-24 22:35:50 +0800] [1] [ERROR] Worker (pid:8) exited with code 4
[2025-02-24 22:35:50 +0800] [9] [INFO] Worker exiting (pid: 9)
[2025-02-24 22:35:50 +0800] [1] [ERROR] Worker (pid:9) exited with code 4
[2025-02-24 22:35:53 +0800] [1] [INFO] Starting gunicorn 23.0.0
[2025-02-24 22:35:53 +0800] [1] [INFO] Listening at: http://0.0.0.0:5000 (1)
[2025-02-24 22:35:53 +0800] [1] [INFO] Using worker: gthread
[2025-02-24 22:35:53 +0800] [8] [INFO] Booting worker with pid: 8
[2025-02-24 22:35:53 +0800] [9] [INFO] Booting worker with pid: 9
[2025-02-24 22:35:53 +0800] [10] [INFO] Booting worker with pid: 10
[2025-02-24 22:35:53 +0800] [11] [INFO] Booting worker with pid: 11
[2025-02-24 22:35:54 +0800] [8] [INFO] Worker exiting (pid: 8)
[2025-02-24 22:35:54 +0800] [1] [ERROR] Worker (pid:8) exited with code 4
[2025-02-24 22:35:54 +0800] [9] [INFO] Worker exiting (pid: 9)
[2025-02-24 22:35:54 +0800] [10] [INFO] Worker exiting (pid: 10)
[2025-02-24 22:35:54 +0800] [1] [ERROR] Worker (pid:9) exited with code 4
[2025-02-24 22:35:54 +0800] [11] [INFO] Worker exiting (pid: 11)
[2025-02-24 22:36:00 +0800] [1] [INFO] Starting gunicorn 23.0.0
[2025-02-24 22:36:00 +0800] [1] [INFO] Listening at: http://0.0.0.0:5000 (1)
[2025-02-24 22:36:00 +0800] [1] [INFO] Using worker: gthread
[2025-02-24 22:36:00 +0800] [7] [INFO] Booting worker with pid: 7
[2025-02-24 22:36:00 +0800] [8] [INFO] Booting worker with pid: 8
[2025-02-24 22:36:00 +0800] [9] [INFO] Booting worker with pid: 9
[2025-02-24 22:36:00 +0800] [7] [INFO] Worker exiting (pid: 7)
[2025-02-24 22:36:00 +0800] [10] [INFO] Booting worker with pid: 10
[2025-02-24 22:36:00 +0800] [1] [ERROR] Worker (pid:7) exited with code 4
[2025-02-24 22:36:00 +0800] [8] [INFO] Worker exiting (pid: 8)
[2025-02-24 22:36:00 +0800] [9] [INFO] Worker exiting (pid: 9)
[2025-02-24 22:36:00 +0800] [1] [ERROR] Worker (pid:8) exited with code 4
[2025-02-24 22:36:13 +0800] [1] [INFO] Starting gunicorn 23.0.0
[2025-02-24 22:36:13 +0800] [1] [INFO] Listening at: http://0.0.0.0:5000 (1)
[2025-02-24 22:36:13 +0800] [1] [INFO] Using worker: gthread
[2025-02-24 22:36:13 +0800] [7] [INFO] Booting worker with pid: 7
[2025-02-24 22:36:14 +0800] [8] [INFO] Booting worker with pid: 8
[2025-02-24 22:36:14 +0800] [7] [INFO] Worker exiting (pid: 7)
[2025-02-24 22:36:14 +0800] [1] [ERROR] Worker (pid:7) exited with code 4
[2025-02-24 22:36:14 +0800] [8] [INFO] Worker exiting (pid: 8)
[2025-02-24 22:36:14 +0800] [1] [ERROR] Worker (pid:8) exited with code 4
[2025-02-24 22:36:40 +0800] [1] [INFO] Starting gunicorn 23.0.0
[2025-02-24 22:36:40 +0800] [1] [INFO] Listening at: http://0.0.0.0:5000 (1)
[2025-02-24 22:36:40 +0800] [1] [INFO] Using worker: gthread
[2025-02-24 22:36:40 +0800] [8] [INFO] Booting worker with pid: 8
[2025-02-24 22:36:40 +0800] [9] [INFO] Booting worker with pid: 9
[2025-02-24 22:36:40 +0800] [10] [INFO] Booting worker with pid: 10
[2025-02-24 22:36:40 +0800] [8] [INFO] Worker exiting (pid: 8)
[2025-02-24 22:36:40 +0800] [11] [INFO] Booting worker with pid: 11
[2025-02-24 22:36:40 +0800] [1] [ERROR] Worker (pid:8) exited with code 4
[2025-02-24 22:36:40 +0800] [9] [INFO] Worker exiting (pid: 9)
[2025-02-24 22:36:40 +0800] [10] [INFO] Worker exiting (pid: 10)
[2025-02-24 22:36:40 +0800] [1] [ERROR] Worker (pid:9) exited with code 4
[2025-02-24 22:37:31 +0800] [1] [INFO] Starting gunicorn 23.0.0
[2025-02-24 22:37:31 +0800] [1] [INFO] Listening at: http://0.0.0.0:5000 (1)
[2025-02-24 22:37:31 +0800] [1] [INFO] Using worker: gthread
[2025-02-24 22:37:31 +0800] [7] [INFO] Booting worker with pid: 7
[2025-02-24 22:37:31 +0800] [8] [INFO] Booting worker with pid: 8
[2025-02-24 22:37:31 +0800] [9] [INFO] Booting worker with pid: 9
[2025-02-24 22:37:31 +0800] [10] [INFO] Booting worker with pid: 10
[2025-02-24 22:37:31 +0800] [7] [INFO] Worker exiting (pid: 7)
[2025-02-24 22:37:31 +0800] [1] [ERROR] Worker (pid:7) exited with code 4
[2025-02-24 22:37:31 +0800] [8] [INFO] Worker exiting (pid: 8)
[2025-02-24 22:37:31 +0800] [9] [INFO] Worker exiting (pid: 9)
[2025-02-24 22:37:31 +0800] [1] [ERROR] Worker (pid:8) exited with code 4
[2025-02-24 22:38:32 +0800] [1] [INFO] Starting gunicorn 23.0.0
[2025-02-24 22:38:32 +0800] [1] [INFO] Listening at: http://0.0.0.0:5000 (1)
[2025-02-24 22:38:32 +0800] [1] [INFO] Using worker: gthread
[2025-02-24 22:38:32 +0800] [8] [INFO] Booting worker with pid: 8
[2025-02-24 22:38:32 +0800] [9] [INFO] Booting worker with pid: 9
[2025-02-24 22:38:32 +0800] [10] [INFO] Booting worker with pid: 10
[2025-02-24 22:38:32 +0800] [11] [INFO] Booting worker with pid: 11
[2025-02-24 22:38:32 +0800] [8] [INFO] Worker exiting (pid: 8)
[2025-02-24 22:38:32 +0800] [10] [INFO] Worker exiting (pid: 10)
[2025-02-24 22:38:32 +0800] [9] [INFO] Worker exiting (pid: 9)
[2025-02-24 22:38:32 +0800] [1] [ERROR] Worker (pid:8) exited with code 4
[2025-02-24 22:38:32 +0800] [1] [ERROR] Worker (pid:9) was sent SIGTERM!
[2025-02-24 22:38:32 +0800] [11] [INFO] Worker exiting (pid: 11)
[2025-02-24 22:38:32 +0800] [1] [ERROR] Worker (pid:11) exited with code 4
[2025-02-24 22:39:32 +0800] [1] [INFO] Starting gunicorn 23.0.0
[2025-02-24 22:39:32 +0800] [1] [INFO] Listening at: http://0.0.0.0:5000 (1)
[2025-02-24 22:39:32 +0800] [1] [INFO] Using worker: gthread
[2025-02-24 22:39:32 +0800] [8] [INFO] Booting worker with pid: 8
[2025-02-24 22:39:32 +0800] [9] [INFO] Booting worker with pid: 9
[2025-02-24 22:39:32 +0800] [10] [INFO] Booting worker with pid: 10
[2025-02-24 22:39:32 +0800] [8] [INFO] Worker exiting (pid: 8)
[2025-02-24 22:39:32 +0800] [11] [INFO] Booting worker with pid: 11
[2025-02-24 22:39:32 +0800] [1] [ERROR] Worker (pid:8) exited with code 4
[2025-02-24 22:39:32 +0800] [9] [INFO] Worker exiting (pid: 9)
[2025-02-24 22:39:32 +0800] [1] [ERROR] Worker (pid:9) exited with code 4
[2025-02-24 22:39:32 +0800] [10] [INFO] Worker exiting (pid: 10)
[2025-02-24 22:40:33 +0800] [1] [INFO] Starting gunicorn 23.0.0
[2025-02-24 22:40:33 +0800] [1] [INFO] Listening at: http://0.0.0.0:5000 (1)
[2025-02-24 22:40:33 +0800] [1] [INFO] Using worker: gthread
[2025-02-24 22:40:33 +0800] [7] [INFO] Booting worker with pid: 7
[2025-02-24 22:40:33 +0800] [8] [INFO] Booting worker with pid: 8
[2025-02-24 22:40:33 +0800] [7] [INFO] Worker exiting (pid: 7)
[2025-02-24 22:40:33 +0800] [1] [ERROR] Worker (pid:7) exited with code 4
[2025-02-24 22:40:33 +0800] [8] [INFO] Worker exiting (pid: 8)
[2025-02-24 22:40:33 +0800] [1] [ERROR] Worker (pid:8) exited with code 4
[2025-02-24 23:12:47 +0800] [1] [INFO] Starting gunicorn 23.0.0
[2025-02-24 23:12:47 +0800] [1] [INFO] Listening at: http://0.0.0.0:5000 (1)
[2025-02-24 23:12:47 +0800] [1] [INFO] Using worker: gthread
[2025-02-24 23:12:47 +0800] [8] [INFO] Booting worker with pid: 8
[2025-02-24 23:12:47 +0800] [9] [INFO] Booting worker with pid: 9
[2025-02-24 23:12:47 +0800] [8] [INFO] Worker exiting (pid: 8)
[2025-02-24 23:12:47 +0800] [10] [INFO] Booting worker with pid: 10
[2025-02-24 23:12:47 +0800] [1] [ERROR] Worker (pid:8) exited with code 4
[2025-02-24 23:12:47 +0800] [9] [INFO] Worker exiting (pid: 9)
[2025-02-24 23:12:47 +0800] [1] [ERROR] Worker (pid:9) exited with code 4
[2025-02-24 23:13:47 +0800] [1] [INFO] Starting gunicorn 23.0.0
[2025-02-24 23:13:47 +0800] [1] [INFO] Listening at: http://0.0.0.0:5000 (1)
[2025-02-24 23:13:47 +0800] [1] [INFO] Using worker: gthread
[2025-02-24 23:13:47 +0800] [8] [INFO] Booting worker with pid: 8
[2025-02-24 23:13:47 +0800] [9] [INFO] Booting worker with pid: 9
[2025-02-24 23:13:47 +0800] [8] [INFO] Worker exiting (pid: 8)
[2025-02-24 23:13:47 +0800] [1] [ERROR] Worker (pid:8) exited with code 4
[2025-02-24 23:13:48 +0800] [9] [INFO] Worker exiting (pid: 9)
[2025-02-24 23:13:48 +0800] [1] [ERROR] Worker (pid:9) exited with code 4
[2025-02-24 23:14:48 +0800] [1] [INFO] Starting gunicorn 23.0.0
[2025-02-24 23:14:48 +0800] [1] [INFO] Listening at: http://0.0.0.0:5000 (1)
[2025-02-24 23:14:48 +0800] [1] [INFO] Using worker: gthread
[2025-02-24 23:14:48 +0800] [8] [INFO] Booting worker with pid: 8
[2025-02-24 23:14:48 +0800] [9] [INFO] Booting worker with pid: 9
[2025-02-24 23:14:48 +0800] [8] [INFO] Worker exiting (pid: 8)
[2025-02-24 23:14:48 +0800] [1] [ERROR] Worker (pid:8) exited with code 4
[2025-02-24 23:14:48 +0800] [9] [INFO] Worker exiting (pid: 9)
[2025-02-24 23:14:48 +0800] [1] [ERROR] Worker (pid:9) exited with code 4
[2025-02-24 23:15:48 +0800] [1] [INFO] Starting gunicorn 23.0.0
[2025-02-24 23:15:48 +0800] [1] [INFO] Listening at: http://0.0.0.0:5000 (1)
[2025-02-24 23:15:48 +0800] [1] [INFO] Using worker: gthread
[2025-02-24 23:15:48 +0800] [8] [INFO] Booting worker with pid: 8
[2025-02-24 23:15:48 +0800] [9] [INFO] Booting worker with pid: 9
[2025-02-24 23:15:48 +0800] [10] [INFO] Booting worker with pid: 10
[2025-02-24 23:15:48 +0800] [8] [INFO] Worker exiting (pid: 8)
[2025-02-24 23:15:48 +0800] [1] [ERROR] Worker (pid:8) exited with code 4
[2025-02-24 23:15:48 +0800] [9] [INFO] Worker exiting (pid: 9)
[2025-02-24 23:15:48 +0800] [1] [ERROR] Worker (pid:9) exited with code 4
[2025-02-24 23:16:49 +0800] [1] [INFO] Starting gunicorn 23.0.0
[2025-02-24 23:16:49 +0800] [1] [INFO] Listening at: http://0.0.0.0:5000 (1)
[2025-02-24 23:16:49 +0800] [1] [INFO] Using worker: gthread
[2025-02-24 23:16:49 +0800] [8] [INFO] Booting worker with pid: 8
[2025-02-24 23:16:49 +0800] [9] [INFO] Booting worker with pid: 9
[2025-02-24 23:16:49 +0800] [8] [INFO] Worker exiting (pid: 8)
[2025-02-24 23:16:49 +0800] [1] [ERROR] Worker (pid:8) exited with code 4
[2025-02-24 23:16:49 +0800] [9] [INFO] Worker exiting (pid: 9)
[2025-02-24 23:16:49 +0800] [1] [ERROR] Worker (pid:9) exited with code 4
[2025-02-24 23:17:49 +0800] [1] [INFO] Starting gunicorn 23.0.0
[2025-02-24 23:17:49 +0800] [1] [INFO] Listening at: http://0.0.0.0:5000 (1)
[2025-02-24 23:17:49 +0800] [1] [INFO] Using worker: gthread
[2025-02-24 23:17:49 +0800] [8] [INFO] Booting worker with pid: 8
[2025-02-24 23:17:49 +0800] [9] [INFO] Booting worker with pid: 9
[2025-02-24 23:17:49 +0800] [8] [INFO] Worker exiting (pid: 8)
[2025-02-24 23:17:49 +0800] [10] [INFO] Booting worker with pid: 10
[2025-02-24 23:17:49 +0800] [1] [ERROR] Worker (pid:8) exited with code 4
[2025-02-24 23:17:49 +0800] [9] [INFO] Worker exiting (pid: 9)
[2025-02-24 23:17:49 +0800] [1] [ERROR] Worker (pid:9) exited with code 4
[2025-02-24 23:18:50 +0800] [1] [INFO] Starting gunicorn 23.0.0
[2025-02-24 23:18:50 +0800] [1] [INFO] Listening at: http://0.0.0.0:5000 (1)
[2025-02-24 23:18:50 +0800] [1] [INFO] Using worker: gthread
[2025-02-24 23:18:50 +0800] [8] [INFO] Booting worker with pid: 8
[2025-02-24 23:18:50 +0800] [9] [INFO] Booting worker with pid: 9
[2025-02-24 23:18:50 +0800] [10] [INFO] Booting worker with pid: 10
[2025-02-24 23:18:50 +0800] [8] [INFO] Worker exiting (pid: 8)
[2025-02-24 23:18:50 +0800] [9] [INFO] Worker exiting (pid: 9)
[2025-02-24 23:18:50 +0800] [1] [ERROR] Worker (pid:8) exited with code 4
[2025-02-24 23:18:50 +0800] [1] [ERROR] Worker (pid:9) was sent SIGTERM!
[2025-02-24 23:18:50 +0800] [10] [INFO] Worker exiting (pid: 10)
[2025-02-24 23:18:50 +0800] [1] [ERROR] Worker (pid:10) exited with code 4
[2025-02-24 23:19:50 +0800] [1] [INFO] Starting gunicorn 23.0.0
[2025-02-24 23:19:50 +0800] [1] [INFO] Listening at: http://0.0.0.0:5000 (1)
[2025-02-24 23:19:50 +0800] [1] [INFO] Using worker: gthread
[2025-02-24 23:19:50 +0800] [8] [INFO] Booting worker with pid: 8
[2025-02-24 23:19:50 +0800] [9] [INFO] Booting worker with pid: 9
[2025-02-24 23:19:50 +0800] [8] [INFO] Worker exiting (pid: 8)
[2025-02-24 23:19:50 +0800] [10] [INFO] Booting worker with pid: 10
[2025-02-24 23:19:50 +0800] [1] [ERROR] Worker (pid:8) exited with code 4
[2025-02-24 23:19:50 +0800] [9] [INFO] Worker exiting (pid: 9)
[2025-02-24 23:19:50 +0800] [10] [INFO] Worker exiting (pid: 10)
[2025-02-24 23:19:50 +0800] [1] [ERROR] Worker (pid:9) exited with code 4
[2025-02-24 23:20:51 +0800] [1] [INFO] Starting gunicorn 23.0.0
[2025-02-24 23:20:51 +0800] [1] [INFO] Listening at: http://0.0.0.0:5000 (1)
[2025-02-24 23:20:51 +0800] [1] [INFO] Using worker: gthread
[2025-02-24 23:20:51 +0800] [8] [INFO] Booting worker with pid: 8
[2025-02-24 23:20:51 +0800] [9] [INFO] Booting worker with pid: 9
[2025-02-24 23:20:51 +0800] [10] [INFO] Booting worker with pid: 10
[2025-02-24 23:20:51 +0800] [8] [INFO] Worker exiting (pid: 8)
[2025-02-24 23:20:51 +0800] [11] [INFO] Booting worker with pid: 11
[2025-02-24 23:20:51 +0800] [9] [INFO] Worker exiting (pid: 9)
[2025-02-24 23:20:51 +0800] [1] [ERROR] Worker (pid:8) exited with code 4
[2025-02-24 23:20:51 +0800] [1] [ERROR] Worker (pid:9) was sent SIGTERM!
[2025-02-24 23:20:51 +0800] [10] [INFO] Worker exiting (pid: 10)
[2025-02-24 23:20:51 +0800] [1] [ERROR] Worker (pid:10) exited with code 4
[2025-02-24 23:21:51 +0800] [1] [INFO] Starting gunicorn 23.0.0
[2025-02-24 23:21:51 +0800] [1] [INFO] Listening at: http://0.0.0.0:5000 (1)
[2025-02-24 23:21:51 +0800] [1] [INFO] Using worker: gthread
[2025-02-24 23:21:51 +0800] [7] [INFO] Booting worker with pid: 7
[2025-02-24 23:21:51 +0800] [8] [INFO] Booting worker with pid: 8
[2025-02-24 23:21:51 +0800] [9] [INFO] Booting worker with pid: 9
[2025-02-24 23:21:51 +0800] [10] [INFO] Booting worker with pid: 10
[2025-02-24 23:21:51 +0800] [7] [INFO] Worker exiting (pid: 7)
[2025-02-24 23:21:51 +0800] [8] [INFO] Worker exiting (pid: 8)
[2025-02-24 23:21:51 +0800] [9] [INFO] Worker exiting (pid: 9)
[2025-02-24 23:21:51 +0800] [1] [ERROR] Worker (pid:7) exited with code 4
[2025-02-24 23:21:51 +0800] [1] [ERROR] Worker (pid:8) was sent SIGTERM!
[2025-02-24 23:21:51 +0800] [1] [ERROR] Worker (pid:9) was sent SIGTERM!
[2025-02-24 23:21:51 +0800] [10] [INFO] Worker exiting (pid: 10)
[2025-02-24 23:21:51 +0800] [1] [ERROR] Worker (pid:10) exited with code 4
[2025-02-24 23:22:52 +0800] [1] [INFO] Starting gunicorn 23.0.0
[2025-02-24 23:22:52 +0800] [1] [INFO] Listening at: http://0.0.0.0:5000 (1)
[2025-02-24 23:22:52 +0800] [1] [INFO] Using worker: gthread
[2025-02-24 23:22:52 +0800] [8] [INFO] Booting worker with pid: 8
[2025-02-24 23:22:52 +0800] [9] [INFO] Booting worker with pid: 9
[2025-02-24 23:22:52 +0800] [8] [INFO] Worker exiting (pid: 8)
[2025-02-24 23:22:52 +0800] [1] [ERROR] Worker (pid:8) exited with code 4
[2025-02-24 23:22:52 +0800] [9] [INFO] Worker exiting (pid: 9)
[2025-02-24 23:22:52 +0800] [1] [ERROR] Worker (pid:9) exited with code 4
[2025-02-24 23:23:52 +0800] [1] [INFO] Starting gunicorn 23.0.0
[2025-02-24 23:23:52 +0800] [1] [INFO] Listening at: http://0.0.0.0:5000 (1)
[2025-02-24 23:23:52 +0800] [1] [INFO] Using worker: gthread
[2025-02-24 23:23:52 +0800] [8] [INFO] Booting worker with pid: 8
[2025-02-24 23:23:52 +0800] [9] [INFO] Booting worker with pid: 9
[2025-02-24 23:23:52 +0800] [10] [INFO] Booting worker with pid: 10
[2025-02-24 23:23:52 +0800] [11] [INFO] Booting worker with pid: 11
[2025-02-24 23:23:52 +0800] [8] [INFO] Worker exiting (pid: 8)
[2025-02-24 23:23:52 +0800] [1] [ERROR] Worker (pid:8) exited with code 4
[2025-02-24 23:23:52 +0800] [9] [INFO] Worker exiting (pid: 9)
[2025-02-24 23:23:52 +0800] [10] [INFO] Worker exiting (pid: 10)
[2025-02-24 23:23:52 +0800] [11] [INFO] Worker exiting (pid: 11)
[2025-02-24 23:23:52 +0800] [1] [ERROR] Worker (pid:9) exited with code 4
[2025-02-24 23:23:52 +0800] [1] [ERROR] Worker (pid:10) exited with code 4
[2025-02-24 23:25:02 +0800] [1] [INFO] Starting gunicorn 23.0.0
[2025-02-24 23:25:02 +0800] [1] [INFO] Listening at: http://0.0.0.0:5000 (1)
[2025-02-24 23:25:02 +0800] [1] [INFO] Using worker: gthread
[2025-02-24 23:25:02 +0800] [7] [INFO] Booting worker with pid: 7
[2025-02-24 23:25:02 +0800] [8] [INFO] Booting worker with pid: 8
[2025-02-24 23:25:02 +0800] [7] [INFO] Worker exiting (pid: 7)
[2025-02-24 23:25:02 +0800] [1] [ERROR] Worker (pid:7) exited with code 4
[2025-02-24 23:25:02 +0800] [8] [INFO] Worker exiting (pid: 8)
[2025-02-24 23:25:02 +0800] [1] [ERROR] Worker (pid:8) exited with code 4
[2025-02-24 23:26:02 +0800] [1] [INFO] Starting gunicorn 23.0.0
[2025-02-24 23:26:02 +0800] [1] [INFO] Listening at: http://0.0.0.0:5000 (1)
[2025-02-24 23:26:02 +0800] [1] [INFO] Using worker: gthread
[2025-02-24 23:26:02 +0800] [8] [INFO] Booting worker with pid: 8
[2025-02-24 23:26:02 +0800] [9] [INFO] Booting worker with pid: 9
[2025-02-24 23:26:02 +0800] [10] [INFO] Booting worker with pid: 10
[2025-02-24 23:26:02 +0800] [8] [INFO] Worker exiting (pid: 8)
[2025-02-24 23:26:03 +0800] [11] [INFO] Booting worker with pid: 11
[2025-02-24 23:26:03 +0800] [1] [ERROR] Worker (pid:8) exited with code 4
[2025-02-24 23:26:03 +0800] [9] [INFO] Worker exiting (pid: 9)
[2025-02-24 23:26:03 +0800] [1] [ERROR] Worker (pid:9) exited with code 4
[2025-02-24 23:27:03 +0800] [1] [INFO] Starting gunicorn 23.0.0
[2025-02-24 23:27:03 +0800] [1] [INFO] Listening at: http://0.0.0.0:5000 (1)
[2025-02-24 23:27:03 +0800] [1] [INFO] Using worker: gthread
[2025-02-24 23:27:03 +0800] [8] [INFO] Booting worker with pid: 8
[2025-02-24 23:27:03 +0800] [9] [INFO] Booting worker with pid: 9
[2025-02-24 23:27:03 +0800] [10] [INFO] Booting worker with pid: 10
[2025-02-24 23:27:03 +0800] [8] [INFO] Worker exiting (pid: 8)
[2025-02-24 23:27:03 +0800] [9] [INFO] Worker exiting (pid: 9)
[2025-02-24 23:27:03 +0800] [1] [ERROR] Worker (pid:8) exited with code 4
[2025-02-24 23:27:03 +0800] [1] [ERROR] Worker (pid:9) was sent SIGTERM!
[2025-02-24 23:27:03 +0800] [10] [INFO] Worker exiting (pid: 10)
[2025-02-24 23:27:03 +0800] [1] [ERROR] Worker (pid:10) exited with code 4
[2025-02-24 23:28:03 +0800] [1] [INFO] Starting gunicorn 23.0.0
[2025-02-24 23:28:03 +0800] [1] [INFO] Listening at: http://0.0.0.0:5000 (1)
[2025-02-24 23:28:03 +0800] [1] [INFO] Using worker: gthread
[2025-02-24 23:28:03 +0800] [7] [INFO] Booting worker with pid: 7
[2025-02-24 23:28:03 +0800] [8] [INFO] Booting worker with pid: 8
[2025-02-24 23:28:03 +0800] [7] [INFO] Worker exiting (pid: 7)
[2025-02-24 23:28:03 +0800] [1] [ERROR] Worker (pid:7) exited with code 4
[2025-02-24 23:28:03 +0800] [9] [INFO] Booting worker with pid: 9
[2025-02-24 23:28:03 +0800] [8] [INFO] Worker exiting (pid: 8)
[2025-02-24 23:28:04 +0800] [9] [INFO] Worker exiting (pid: 9)
[2025-02-24 23:28:04 +0800] [1] [ERROR] Worker (pid:8) exited with code 4
[2025-02-24 23:29:04 +0800] [1] [INFO] Starting gunicorn 23.0.0
[2025-02-24 23:29:04 +0800] [1] [INFO] Listening at: http://0.0.0.0:5000 (1)
[2025-02-24 23:29:04 +0800] [1] [INFO] Using worker: gthread
[2025-02-24 23:29:04 +0800] [8] [INFO] Booting worker with pid: 8
[2025-02-24 23:29:04 +0800] [9] [INFO] Booting worker with pid: 9
[2025-02-24 23:29:04 +0800] [10] [INFO] Booting worker with pid: 10
[2025-02-24 23:29:04 +0800] [8] [INFO] Worker exiting (pid: 8)
[2025-02-24 23:29:04 +0800] [9] [INFO] Worker exiting (pid: 9)
[2025-02-24 23:29:04 +0800] [11] [INFO] Booting worker with pid: 11
[2025-02-24 23:29:04 +0800] [1] [ERROR] Worker (pid:8) exited with code 4
[2025-02-24 23:29:04 +0800] [1] [ERROR] Worker (pid:9) was sent SIGTERM!
[2025-02-24 23:29:04 +0800] [10] [INFO] Worker exiting (pid: 10)
[2025-02-24 23:29:04 +0800] [1] [ERROR] Worker (pid:10) exited with code 4
[2025-02-24 23:30:04 +0800] [1] [INFO] Starting gunicorn 23.0.0
[2025-02-24 23:30:04 +0800] [1] [INFO] Listening at: http://0.0.0.0:5000 (1)
[2025-02-24 23:30:04 +0800] [1] [INFO] Using worker: gthread
[2025-02-24 23:30:04 +0800] [8] [INFO] Booting worker with pid: 8
[2025-02-24 23:30:04 +0800] [9] [INFO] Booting worker with pid: 9
[2025-02-24 23:30:04 +0800] [8] [INFO] Worker exiting (pid: 8)
[2025-02-24 23:30:04 +0800] [10] [INFO] Booting worker with pid: 10
[2025-02-24 23:30:04 +0800] [1] [ERROR] Worker (pid:8) exited with code 4
[2025-02-24 23:30:04 +0800] [9] [INFO] Worker exiting (pid: 9)
[2025-02-24 23:30:04 +0800] [1] [ERROR] Worker (pid:9) exited with code 4
[2025-02-24 23:31:05 +0800] [1] [INFO] Starting gunicorn 23.0.0
[2025-02-24 23:31:05 +0800] [1] [INFO] Listening at: http://0.0.0.0:5000 (1)
[2025-02-24 23:31:05 +0800] [1] [INFO] Using worker: gthread
[2025-02-24 23:31:05 +0800] [8] [INFO] Booting worker with pid: 8
[2025-02-24 23:31:05 +0800] [9] [INFO] Booting worker with pid: 9
[2025-02-24 23:31:05 +0800] [10] [INFO] Booting worker with pid: 10
[2025-02-24 23:31:05 +0800] [8] [INFO] Worker exiting (pid: 8)
[2025-02-24 23:31:05 +0800] [11] [INFO] Booting worker with pid: 11
[2025-02-24 23:31:05 +0800] [9] [INFO] Worker exiting (pid: 9)
[2025-02-24 23:31:05 +0800] [1] [ERROR] Worker (pid:8) exited with code 4
[2025-02-24 23:31:05 +0800] [1] [ERROR] Worker (pid:9) was sent SIGTERM!
[2025-02-24 23:31:05 +0800] [10] [INFO] Worker exiting (pid: 10)
[2025-02-24 23:31:05 +0800] [11] [INFO] Worker exiting (pid: 11)
[2025-02-24 23:31:05 +0800] [1] [ERROR] Worker (pid:10) exited with code 4
[2025-02-24 23:32:05 +0800] [1] [INFO] Starting gunicorn 23.0.0
[2025-02-24 23:32:05 +0800] [1] [INFO] Listening at: http://0.0.0.0:5000 (1)
[2025-02-24 23:32:05 +0800] [1] [INFO] Using worker: gthread
[2025-02-24 23:32:05 +0800] [8] [INFO] Booting worker with pid: 8
[2025-02-24 23:32:05 +0800] [9] [INFO] Booting worker with pid: 9
[2025-02-24 23:32:05 +0800] [8] [INFO] Worker exiting (pid: 8)
[2025-02-24 23:32:05 +0800] [10] [INFO] Booting worker with pid: 10
[2025-02-24 23:32:05 +0800] [1] [ERROR] Worker (pid:8) exited with code 4
[2025-02-24 23:32:05 +0800] [9] [INFO] Worker exiting (pid: 9)
[2025-02-24 23:32:05 +0800] [1] [ERROR] Worker (pid:9) exited with code 4
[2025-02-24 23:39:36 +0800] [1] [INFO] Starting gunicorn 23.0.0
[2025-02-24 23:39:36 +0800] [1] [INFO] Listening at: http://0.0.0.0:5000 (1)
[2025-02-24 23:39:36 +0800] [1] [INFO] Using worker: gthread
[2025-02-24 23:39:36 +0800] [7] [INFO] Booting worker with pid: 7
[2025-02-24 23:39:36 +0800] [8] [INFO] Booting worker with pid: 8
[2025-02-24 23:39:36 +0800] [9] [INFO] Booting worker with pid: 9
[2025-02-24 23:39:36 +0800] [7] [INFO] Worker exiting (pid: 7)
[2025-02-24 23:39:36 +0800] [1] [ERROR] Worker (pid:7) exited with code 4
[2025-02-24 23:39:36 +0800] [8] [INFO] Worker exiting (pid: 8)
[2025-02-24 23:39:37 +0800] [1] [ERROR] Worker (pid:8) exited with code 4
[2025-02-24 23:40:37 +0800] [1] [INFO] Starting gunicorn 23.0.0
[2025-02-24 23:40:37 +0800] [1] [INFO] Listening at: http://0.0.0.0:5000 (1)
[2025-02-24 23:40:37 +0800] [1] [INFO] Using worker: gthread
[2025-02-24 23:40:37 +0800] [8] [INFO] Booting worker with pid: 8
[2025-02-24 23:40:37 +0800] [9] [INFO] Booting worker with pid: 9
[2025-02-24 23:40:37 +0800] [8] [INFO] Worker exiting (pid: 8)
[2025-02-24 23:40:37 +0800] [1] [ERROR] Worker (pid:8) exited with code 4
[2025-02-24 23:40:37 +0800] [9] [INFO] Worker exiting (pid: 9)
[2025-02-24 23:40:37 +0800] [1] [ERROR] Worker (pid:9) exited with code 4
[2025-02-24 23:42:08 +0800] [1] [INFO] Starting gunicorn 23.0.0
[2025-02-24 23:42:08 +0800] [1] [INFO] Listening at: http://0.0.0.0:5000 (1)
[2025-02-24 23:42:08 +0800] [1] [INFO] Using worker: gthread
[2025-02-24 23:42:08 +0800] [8] [INFO] Booting worker with pid: 8
[2025-02-24 23:42:08 +0800] [9] [INFO] Booting worker with pid: 9
[2025-02-24 23:42:08 +0800] [8] [INFO] Worker exiting (pid: 8)
[2025-02-24 23:42:08 +0800] [1] [ERROR] Worker (pid:8) exited with code 4
[2025-02-24 23:42:08 +0800] [9] [INFO] Worker exiting (pid: 9)
[2025-02-24 23:42:08 +0800] [1] [ERROR] Worker (pid:9) exited with code 4
[2025-02-24 23:43:08 +0800] [1] [INFO] Starting gunicorn 23.0.0
[2025-02-24 23:43:08 +0800] [1] [INFO] Listening at: http://0.0.0.0:5000 (1)
[2025-02-24 23:43:08 +0800] [1] [INFO] Using worker: gthread
[2025-02-24 23:43:08 +0800] [8] [INFO] Booting worker with pid: 8
[2025-02-24 23:43:08 +0800] [9] [INFO] Booting worker with pid: 9
[2025-02-24 23:43:08 +0800] [8] [INFO] Worker exiting (pid: 8)
[2025-02-24 23:43:08 +0800] [10] [INFO] Booting worker with pid: 10
[2025-02-24 23:43:08 +0800] [11] [INFO] Booting worker with pid: 11
[2025-02-24 23:43:08 +0800] [1] [ERROR] Worker (pid:8) exited with code 4
[2025-02-24 23:43:08 +0800] [9] [INFO] Worker exiting (pid: 9)
[2025-02-24 23:43:09 +0800] [1] [ERROR] Worker (pid:9) exited with code 4
[2025-02-24 23:44:09 +0800] [1] [INFO] Starting gunicorn 23.0.0
[2025-02-24 23:44:09 +0800] [1] [INFO] Listening at: http://0.0.0.0:5000 (1)
[2025-02-24 23:44:09 +0800] [1] [INFO] Using worker: gthread
[2025-02-24 23:44:09 +0800] [8] [INFO] Booting worker with pid: 8
[2025-02-24 23:44:09 +0800] [9] [INFO] Booting worker with pid: 9
[2025-02-24 23:44:09 +0800] [8] [INFO] Worker exiting (pid: 8)
[2025-02-24 23:44:09 +0800] [1] [ERROR] Worker (pid:8) exited with code 4
[2025-02-24 23:44:09 +0800] [9] [INFO] Worker exiting (pid: 9)
[2025-02-24 23:44:09 +0800] [1] [ERROR] Worker (pid:9) exited with code 4
[2025-02-24 23:45:09 +0800] [1] [INFO] Starting gunicorn 23.0.0
[2025-02-24 23:45:09 +0800] [1] [INFO] Listening at: http://0.0.0.0:5000 (1)
[2025-02-24 23:45:09 +0800] [1] [INFO] Using worker: gthread
[2025-02-24 23:45:09 +0800] [8] [INFO] Booting worker with pid: 8
[2025-02-24 23:45:09 +0800] [9] [INFO] Booting worker with pid: 9
[2025-02-24 23:45:09 +0800] [10] [INFO] Booting worker with pid: 10
[2025-02-24 23:45:09 +0800] [8] [INFO] Worker exiting (pid: 8)
[2025-02-24 23:45:09 +0800] [11] [INFO] Booting worker with pid: 11
[2025-02-24 23:45:09 +0800] [1] [ERROR] Worker (pid:8) exited with code 4
[2025-02-24 23:45:09 +0800] [9] [INFO] Worker exiting (pid: 9)
[2025-02-24 23:45:09 +0800] [10] [INFO] Worker exiting (pid: 10)
[2025-02-24 23:45:09 +0800] [1] [ERROR] Worker (pid:9) exited with code 4
[2025-02-24 23:46:10 +0800] [1] [INFO] Starting gunicorn 23.0.0
[2025-02-24 23:46:10 +0800] [1] [INFO] Listening at: http://0.0.0.0:5000 (1)
[2025-02-24 23:46:10 +0800] [1] [INFO] Using worker: gthread
[2025-02-24 23:46:10 +0800] [7] [INFO] Booting worker with pid: 7
[2025-02-24 23:46:10 +0800] [8] [INFO] Booting worker with pid: 8
[2025-02-24 23:46:10 +0800] [7] [INFO] Worker exiting (pid: 7)
[2025-02-24 23:46:10 +0800] [9] [INFO] Booting worker with pid: 9
[2025-02-24 23:46:10 +0800] [10] [INFO] Booting worker with pid: 10
[2025-02-24 23:46:10 +0800] [1] [ERROR] Worker (pid:7) exited with code 4
[2025-02-24 23:46:10 +0800] [8] [INFO] Worker exiting (pid: 8)
[2025-02-24 23:46:10 +0800] [1] [ERROR] Worker (pid:8) exited with code 4
[2025-02-24 23:46:10 +0800] [9] [INFO] Worker exiting (pid: 9)
[2025-02-24 23:59:22 +0800] [1] [INFO] Starting gunicorn 23.0.0
[2025-02-24 23:59:22 +0800] [1] [INFO] Listening at: http://0.0.0.0:5000 (1)
[2025-02-24 23:59:22 +0800] [1] [INFO] Using worker: gthread
[2025-02-24 23:59:22 +0800] [8] [INFO] Booting worker with pid: 8
[2025-02-24 23:59:22 +0800] [9] [INFO] Booting worker with pid: 9
[2025-02-24 23:59:22 +0800] [8] [INFO] Worker exiting (pid: 8)
[2025-02-24 23:59:22 +0800] [1] [ERROR] Worker (pid:8) exited with code 4
[2025-02-24 23:59:22 +0800] [9] [INFO] Worker exiting (pid: 9)
[2025-02-24 23:59:22 +0800] [1] [ERROR] Worker (pid:9) exited with code 4
[2025-02-25 00:01:42 +0800] [1] [INFO] Starting gunicorn 23.0.0
[2025-02-25 00:01:42 +0800] [1] [INFO] Listening at: http://0.0.0.0:5000 (1)
[2025-02-25 00:01:42 +0800] [1] [INFO] Using worker: gthread
[2025-02-25 00:01:42 +0800] [7] [INFO] Booting worker with pid: 7
[2025-02-25 00:01:42 +0800] [8] [INFO] Booting worker with pid: 8
[2025-02-25 00:01:42 +0800] [9] [INFO] Booting worker with pid: 9
[2025-02-25 00:01:42 +0800] [8] [INFO] Worker exiting (pid: 8)
[2025-02-25 00:01:42 +0800] [7] [INFO] Worker exiting (pid: 7)
[2025-02-25 00:01:42 +0800] [10] [INFO] Booting worker with pid: 10
[2025-02-25 00:01:42 +0800] [1] [ERROR] Worker (pid:8) exited with code 4
[2025-02-25 00:01:42 +0800] [1] [ERROR] Worker (pid:7) exited with code 4
[2025-02-25 00:01:42 +0800] [1] [INFO] Starting gunicorn 23.0.0
[2025-02-25 00:01:42 +0800] [1] [INFO] Listening at: http://0.0.0.0:5000 (1)
[2025-02-25 00:01:42 +0800] [1] [INFO] Using worker: gthread
[2025-02-25 00:01:42 +0800] [8] [INFO] Booting worker with pid: 8
[2025-02-25 00:01:42 +0800] [9] [INFO] Booting worker with pid: 9
[2025-02-25 00:01:42 +0800] [10] [INFO] Booting worker with pid: 10
[2025-02-25 00:01:42 +0800] [11] [INFO] Booting worker with pid: 11
[2025-02-25 00:01:42 +0800] [8] [INFO] Worker exiting (pid: 8)
[2025-02-25 00:01:42 +0800] [1] [ERROR] Worker (pid:8) exited with code 4
[2025-02-25 00:01:42 +0800] [9] [INFO] Worker exiting (pid: 9)
[2025-02-25 00:01:42 +0800] [10] [INFO] Worker exiting (pid: 10)
[2025-02-25 00:01:42 +0800] [1] [ERROR] Worker (pid:9) exited with code 4
[2025-02-25 00:01:42 +0800] [11] [INFO] Worker exiting (pid: 11)
[2025-02-25 00:01:43 +0800] [1] [INFO] Starting gunicorn 23.0.0
[2025-02-25 00:01:43 +0800] [1] [INFO] Listening at: http://0.0.0.0:5000 (1)
[2025-02-25 00:01:43 +0800] [1] [INFO] Using worker: gthread
[2025-02-25 00:01:43 +0800] [8] [INFO] Booting worker with pid: 8
[2025-02-25 00:01:43 +0800] [9] [INFO] Booting worker with pid: 9
[2025-02-25 00:01:43 +0800] [8] [INFO] Worker exiting (pid: 8)
[2025-02-25 00:01:43 +0800] [10] [INFO] Booting worker with pid: 10
[2025-02-25 00:01:43 +0800] [1] [ERROR] Worker (pid:8) exited with code 4
[2025-02-25 00:01:43 +0800] [9] [INFO] Worker exiting (pid: 9)
[2025-02-25 00:01:43 +0800] [1] [ERROR] Worker (pid:9) exited with code 4
[2025-02-25 00:01:44 +0800] [1] [INFO] Starting gunicorn 23.0.0
[2025-02-25 00:01:44 +0800] [1] [INFO] Listening at: http://0.0.0.0:5000 (1)
[2025-02-25 00:01:44 +0800] [1] [INFO] Using worker: gthread
[2025-02-25 00:01:44 +0800] [8] [INFO] Booting worker with pid: 8
[2025-02-25 00:01:44 +0800] [9] [INFO] Booting worker with pid: 9
[2025-02-25 00:01:44 +0800] [10] [INFO] Booting worker with pid: 10
[2025-02-25 00:01:44 +0800] [8] [INFO] Worker exiting (pid: 8)
[2025-02-25 00:01:44 +0800] [1] [ERROR] Worker (pid:8) exited with code 4
[2025-02-25 00:01:44 +0800] [9] [INFO] Worker exiting (pid: 9)
[2025-02-25 00:01:44 +0800] [1] [ERROR] Worker (pid:9) exited with code 4
[2025-02-25 00:01:45 +0800] [1] [INFO] Starting gunicorn 23.0.0
[2025-02-25 00:01:45 +0800] [1] [INFO] Listening at: http://0.0.0.0:5000 (1)
[2025-02-25 00:01:45 +0800] [1] [INFO] Using worker: gthread
[2025-02-25 00:01:45 +0800] [8] [INFO] Booting worker with pid: 8
[2025-02-25 00:01:45 +0800] [9] [INFO] Booting worker with pid: 9
[2025-02-25 00:01:45 +0800] [10] [INFO] Booting worker with pid: 10
[2025-02-25 00:01:45 +0800] [11] [INFO] Booting worker with pid: 11
[2025-02-25 00:01:45 +0800] [8] [INFO] Worker exiting (pid: 8)
[2025-02-25 00:01:45 +0800] [1] [ERROR] Worker (pid:8) exited with code 4
[2025-02-25 00:01:45 +0800] [9] [INFO] Worker exiting (pid: 9)
[2025-02-25 00:01:45 +0800] [10] [INFO] Worker exiting (pid: 10)
[2025-02-25 00:01:45 +0800] [1] [ERROR] Worker (pid:9) exited with code 4
[2025-02-25 00:01:47 +0800] [1] [INFO] Starting gunicorn 23.0.0
[2025-02-25 00:01:47 +0800] [1] [INFO] Listening at: http://0.0.0.0:5000 (1)
[2025-02-25 00:01:47 +0800] [1] [INFO] Using worker: gthread
[2025-02-25 00:01:47 +0800] [7] [INFO] Booting worker with pid: 7
[2025-02-25 00:01:47 +0800] [8] [INFO] Booting worker with pid: 8
[2025-02-25 00:01:47 +0800] [7] [INFO] Worker exiting (pid: 7)
[2025-02-25 00:01:47 +0800] [9] [INFO] Booting worker with pid: 9
[2025-02-25 00:01:47 +0800] [1] [ERROR] Worker (pid:7) exited with code 4
[2025-02-25 00:01:47 +0800] [8] [INFO] Worker exiting (pid: 8)
[2025-02-25 00:01:47 +0800] [1] [ERROR] Worker (pid:8) exited with code 4
[2025-02-25 00:01:51 +0800] [1] [INFO] Starting gunicorn 23.0.0
[2025-02-25 00:01:51 +0800] [1] [INFO] Listening at: http://0.0.0.0:5000 (1)
[2025-02-25 00:01:51 +0800] [1] [INFO] Using worker: gthread
[2025-02-25 00:01:51 +0800] [7] [INFO] Booting worker with pid: 7
[2025-02-25 00:01:51 +0800] [8] [INFO] Booting worker with pid: 8
[2025-02-25 00:01:51 +0800] [7] [INFO] Worker exiting (pid: 7)
[2025-02-25 00:01:51 +0800] [1] [ERROR] Worker (pid:7) exited with code 4
[2025-02-25 00:01:51 +0800] [8] [INFO] Worker exiting (pid: 8)
[2025-02-25 00:01:51 +0800] [1] [ERROR] Worker (pid:8) exited with code 4
[2025-02-25 00:01:57 +0800] [1] [INFO] Starting gunicorn 23.0.0
[2025-02-25 00:01:57 +0800] [1] [INFO] Listening at: http://0.0.0.0:5000 (1)
[2025-02-25 00:01:57 +0800] [1] [INFO] Using worker: gthread
[2025-02-25 00:01:58 +0800] [7] [INFO] Booting worker with pid: 7
[2025-02-25 00:01:58 +0800] [8] [INFO] Booting worker with pid: 8
[2025-02-25 00:01:58 +0800] [7] [INFO] Worker exiting (pid: 7)
[2025-02-25 00:01:58 +0800] [1] [ERROR] Worker (pid:7) exited with code 4
[2025-02-25 00:01:58 +0800] [8] [INFO] Worker exiting (pid: 8)
[2025-02-25 00:01:58 +0800] [1] [ERROR] Worker (pid:8) exited with code 4
[2025-02-25 00:02:11 +0800] [1] [INFO] Starting gunicorn 23.0.0
[2025-02-25 00:02:11 +0800] [1] [INFO] Listening at: http://0.0.0.0:5000 (1)
[2025-02-25 00:02:11 +0800] [1] [INFO] Using worker: gthread
[2025-02-25 00:02:11 +0800] [8] [INFO] Booting worker with pid: 8
[2025-02-25 00:02:11 +0800] [9] [INFO] Booting worker with pid: 9
[2025-02-25 00:02:11 +0800] [8] [INFO] Worker exiting (pid: 8)
[2025-02-25 00:02:11 +0800] [1] [ERROR] Worker (pid:8) exited with code 4
[2025-02-25 00:02:11 +0800] [9] [INFO] Worker exiting (pid: 9)
[2025-02-25 00:02:11 +0800] [1] [ERROR] Worker (pid:9) exited with code 4
[2025-02-25 00:02:37 +0800] [1] [INFO] Starting gunicorn 23.0.0
[2025-02-25 00:02:37 +0800] [1] [INFO] Listening at: http://0.0.0.0:5000 (1)
[2025-02-25 00:02:37 +0800] [1] [INFO] Using worker: gthread
[2025-02-25 00:02:37 +0800] [8] [INFO] Booting worker with pid: 8
[2025-02-25 00:02:37 +0800] [9] [INFO] Booting worker with pid: 9
[2025-02-25 00:02:37 +0800] [10] [INFO] Booting worker with pid: 10
[2025-02-25 00:02:37 +0800] [8] [INFO] Worker exiting (pid: 8)
[2025-02-25 00:02:37 +0800] [11] [INFO] Booting worker with pid: 11
[2025-02-25 00:02:37 +0800] [9] [INFO] Worker exiting (pid: 9)
[2025-02-25 00:02:37 +0800] [1] [ERROR] Worker (pid:8) exited with code 4
[2025-02-25 00:02:37 +0800] [1] [ERROR] Worker (pid:9) was sent SIGTERM!
[2025-02-25 00:02:37 +0800] [10] [INFO] Worker exiting (pid: 10)
[2025-02-25 00:02:37 +0800] [1] [ERROR] Worker (pid:10) exited with code 4
[2025-02-25 00:02:37 +0800] [11] [INFO] Worker exiting (pid: 11)
[2025-02-25 00:03:29 +0800] [1] [INFO] Starting gunicorn 23.0.0
[2025-02-25 00:03:29 +0800] [1] [INFO] Listening at: http://0.0.0.0:5000 (1)
[2025-02-25 00:03:29 +0800] [1] [INFO] Using worker: gthread
[2025-02-25 00:03:29 +0800] [8] [INFO] Booting worker with pid: 8
[2025-02-25 00:03:29 +0800] [9] [INFO] Booting worker with pid: 9
[2025-02-25 00:03:29 +0800] [8] [INFO] Worker exiting (pid: 8)
[2025-02-25 00:03:29 +0800] [10] [INFO] Booting worker with pid: 10
[2025-02-25 00:03:29 +0800] [1] [ERROR] Worker (pid:8) exited with code 4
[2025-02-25 00:03:29 +0800] [9] [INFO] Worker exiting (pid: 9)
[2025-02-25 00:03:29 +0800] [1] [ERROR] Worker (pid:9) exited with code 4
[2025-02-25 00:04:29 +0800] [1] [INFO] Starting gunicorn 23.0.0
[2025-02-25 00:04:29 +0800] [1] [INFO] Listening at: http://0.0.0.0:5000 (1)
[2025-02-25 00:04:29 +0800] [1] [INFO] Using worker: gthread
[2025-02-25 00:04:29 +0800] [8] [INFO] Booting worker with pid: 8
[2025-02-25 00:04:29 +0800] [9] [INFO] Booting worker with pid: 9
[2025-02-25 00:04:29 +0800] [10] [INFO] Booting worker with pid: 10
[2025-02-25 00:04:29 +0800] [8] [INFO] Worker exiting (pid: 8)
[2025-02-25 00:04:29 +0800] [9] [INFO] Worker exiting (pid: 9)
[2025-02-25 00:04:29 +0800] [1] [ERROR] Worker (pid:8) exited with code 4
[2025-02-25 00:04:29 +0800] [11] [INFO] Booting worker with pid: 11
[2025-02-25 00:04:29 +0800] [1] [ERROR] Worker (pid:9) was sent SIGTERM!
[2025-02-25 00:04:29 +0800] [10] [INFO] Worker exiting (pid: 10)
[2025-02-25 00:04:29 +0800] [1] [ERROR] Worker (pid:10) exited with code 4
[2025-02-25 00:05:29 +0800] [1] [INFO] Starting gunicorn 23.0.0
[2025-02-25 00:05:29 +0800] [1] [INFO] Listening at: http://0.0.0.0:5000 (1)
[2025-02-25 00:05:29 +0800] [1] [INFO] Using worker: gthread
[2025-02-25 00:05:29 +0800] [8] [INFO] Booting worker with pid: 8
[2025-02-25 00:05:29 +0800] [9] [INFO] Booting worker with pid: 9
[2025-02-25 00:05:30 +0800] [8] [INFO] Worker exiting (pid: 8)
[2025-02-25 00:05:30 +0800] [10] [INFO] Booting worker with pid: 10
[2025-02-25 00:05:30 +0800] [1] [ERROR] Worker (pid:8) exited with code 4
[2025-02-25 00:05:30 +0800] [9] [INFO] Worker exiting (pid: 9)
[2025-02-25 00:05:30 +0800] [1] [ERROR] Worker (pid:9) exited with code 4
[2025-02-25 00:06:30 +0800] [1] [INFO] Starting gunicorn 23.0.0
[2025-02-25 00:06:30 +0800] [1] [INFO] Listening at: http://0.0.0.0:5000 (1)
[2025-02-25 00:06:30 +0800] [1] [INFO] Using worker: gthread
[2025-02-25 00:06:30 +0800] [8] [INFO] Booting worker with pid: 8
[2025-02-25 00:06:30 +0800] [9] [INFO] Booting worker with pid: 9
[2025-02-25 00:06:30 +0800] [10] [INFO] Booting worker with pid: 10
[2025-02-25 00:06:30 +0800] [11] [INFO] Booting worker with pid: 11
[2025-02-25 00:06:30 +0800] [8] [INFO] Worker exiting (pid: 8)
[2025-02-25 00:06:30 +0800] [9] [INFO] Worker exiting (pid: 9)
[2025-02-25 00:06:30 +0800] [10] [INFO] Worker exiting (pid: 10)
[2025-02-25 00:06:30 +0800] [1] [ERROR] Worker (pid:8) exited with code 4
[2025-02-25 00:06:30 +0800] [1] [ERROR] Worker (pid:10) was sent SIGTERM!
[2025-02-25 00:06:30 +0800] [11] [INFO] Worker exiting (pid: 11)
[2025-02-25 00:06:30 +0800] [1] [ERROR] Worker (pid:11) exited with code 4
[2025-02-25 00:10:42 +0800] [1] [INFO] Starting gunicorn 23.0.0
[2025-02-25 00:10:42 +0800] [1] [INFO] Listening at: http://0.0.0.0:5000 (1)
[2025-02-25 00:10:42 +0800] [1] [INFO] Using worker: gthread
[2025-02-25 00:10:42 +0800] [8] [INFO] Booting worker with pid: 8
[2025-02-25 00:10:42 +0800] [9] [INFO] Booting worker with pid: 9
[2025-02-25 00:10:42 +0800] [10] [INFO] Booting worker with pid: 10
[2025-02-25 00:10:42 +0800] [8] [INFO] Worker exiting (pid: 8)
[2025-02-25 00:10:42 +0800] [9] [INFO] Worker exiting (pid: 9)
[2025-02-25 00:10:42 +0800] [1] [ERROR] Worker (pid:8) exited with code 4
[2025-02-25 00:10:42 +0800] [1] [ERROR] Worker (pid:9) was sent SIGTERM!
[2025-02-25 00:10:42 +0800] [10] [INFO] Worker exiting (pid: 10)
[2025-02-25 00:10:42 +0800] [1] [ERROR] Worker (pid:10) exited with code 4
[2025-02-25 00:10:43 +0800] [1] [INFO] Starting gunicorn 23.0.0
[2025-02-25 00:10:43 +0800] [1] [INFO] Listening at: http://0.0.0.0:5000 (1)
[2025-02-25 00:10:43 +0800] [1] [INFO] Using worker: gthread
[2025-02-25 00:10:43 +0800] [8] [INFO] Booting worker with pid: 8
[2025-02-25 00:10:43 +0800] [9] [INFO] Booting worker with pid: 9
[2025-02-25 00:10:43 +0800] [10] [INFO] Booting worker with pid: 10
[2025-02-25 00:10:43 +0800] [11] [INFO] Booting worker with pid: 11
[2025-02-25 00:10:43 +0800] [8] [INFO] Worker exiting (pid: 8)
[2025-02-25 00:10:43 +0800] [9] [INFO] Worker exiting (pid: 9)
[2025-02-25 00:10:43 +0800] [10] [INFO] Worker exiting (pid: 10)
[2025-02-25 00:10:43 +0800] [1] [ERROR] Worker (pid:8) exited with code 4
[2025-02-25 00:10:43 +0800] [1] [ERROR] Worker (pid:9) was sent SIGTERM!
[2025-02-25 00:10:43 +0800] [1] [ERROR] Worker (pid:10) was sent SIGTERM!
[2025-02-25 00:10:43 +0800] [11] [INFO] Worker exiting (pid: 11)
[2025-02-25 00:10:43 +0800] [1] [ERROR] Worker (pid:11) exited with code 4
[2025-02-25 00:10:44 +0800] [1] [INFO] Starting gunicorn 23.0.0
[2025-02-25 00:10:44 +0800] [1] [INFO] Listening at: http://0.0.0.0:5000 (1)
[2025-02-25 00:10:44 +0800] [1] [INFO] Using worker: gthread
[2025-02-25 00:10:44 +0800] [8] [INFO] Booting worker with pid: 8
[2025-02-25 00:10:44 +0800] [9] [INFO] Booting worker with pid: 9
[2025-02-25 00:10:44 +0800] [10] [INFO] Booting worker with pid: 10
[2025-02-25 00:10:44 +0800] [8] [INFO] Worker exiting (pid: 8)
[2025-02-25 00:10:44 +0800] [1] [ERROR] Worker (pid:8) exited with code 4
[2025-02-25 00:10:44 +0800] [9] [INFO] Worker exiting (pid: 9)
[2025-02-25 00:10:44 +0800] [1] [ERROR] Worker (pid:9) exited with code 4
[2025-02-25 00:10:44 +0800] [10] [INFO] Worker exiting (pid: 10)
[2025-02-25 00:10:44 +0800] [1] [INFO] Starting gunicorn 23.0.0
[2025-02-25 00:10:44 +0800] [1] [INFO] Listening at: http://0.0.0.0:5000 (1)
[2025-02-25 00:10:44 +0800] [1] [INFO] Using worker: gthread
[2025-02-25 00:10:44 +0800] [8] [INFO] Booting worker with pid: 8
[2025-02-25 00:10:44 +0800] [9] [INFO] Booting worker with pid: 9
[2025-02-25 00:10:44 +0800] [8] [INFO] Worker exiting (pid: 8)
[2025-02-25 00:10:45 +0800] [1] [ERROR] Worker (pid:8) exited with code 4
[2025-02-25 00:10:45 +0800] [9] [INFO] Worker exiting (pid: 9)
[2025-02-25 00:10:45 +0800] [1] [ERROR] Worker (pid:9) exited with code 4
[2025-02-25 00:10:46 +0800] [1] [INFO] Starting gunicorn 23.0.0
[2025-02-25 00:10:46 +0800] [1] [INFO] Listening at: http://0.0.0.0:5000 (1)
[2025-02-25 00:10:46 +0800] [1] [INFO] Using worker: gthread
[2025-02-25 00:10:46 +0800] [7] [INFO] Booting worker with pid: 7
[2025-02-25 00:10:46 +0800] [8] [INFO] Booting worker with pid: 8
[2025-02-25 00:10:46 +0800] [9] [INFO] Booting worker with pid: 9
[2025-02-25 00:10:46 +0800] [10] [INFO] Booting worker with pid: 10
[2025-02-25 00:10:46 +0800] [7] [INFO] Worker exiting (pid: 7)
[2025-02-25 00:10:46 +0800] [8] [INFO] Worker exiting (pid: 8)
[2025-02-25 00:10:46 +0800] [1] [ERROR] Worker (pid:7) exited with code 4
[2025-02-25 00:10:46 +0800] [1] [ERROR] Worker (pid:8) was sent SIGTERM!
[2025-02-25 00:10:46 +0800] [9] [INFO] Worker exiting (pid: 9)
[2025-02-25 00:10:46 +0800] [10] [INFO] Worker exiting (pid: 10)
[2025-02-25 00:10:46 +0800] [1] [ERROR] Worker (pid:9) exited with code 4
[2025-02-25 00:10:48 +0800] [1] [INFO] Starting gunicorn 23.0.0
[2025-02-25 00:10:48 +0800] [1] [INFO] Listening at: http://0.0.0.0:5000 (1)
[2025-02-25 00:10:48 +0800] [1] [INFO] Using worker: gthread
[2025-02-25 00:10:48 +0800] [7] [INFO] Booting worker with pid: 7
[2025-02-25 00:10:48 +0800] [8] [INFO] Booting worker with pid: 8
[2025-02-25 00:10:48 +0800] [9] [INFO] Booting worker with pid: 9
[2025-02-25 00:10:48 +0800] [7] [INFO] Worker exiting (pid: 7)
[2025-02-25 00:10:48 +0800] [8] [INFO] Worker exiting (pid: 8)
[2025-02-25 00:10:48 +0800] [10] [INFO] Booting worker with pid: 10
[2025-02-25 00:10:48 +0800] [1] [ERROR] Worker (pid:7) exited with code 4
[2025-02-25 00:10:48 +0800] [1] [ERROR] Worker (pid:8) was sent SIGTERM!
[2025-02-25 00:10:48 +0800] [9] [INFO] Worker exiting (pid: 9)
[2025-02-25 00:10:48 +0800] [1] [ERROR] Worker (pid:9) exited with code 4
[2025-02-25 00:10:51 +0800] [1] [INFO] Starting gunicorn 23.0.0
[2025-02-25 00:10:51 +0800] [1] [INFO] Listening at: http://0.0.0.0:5000 (1)
[2025-02-25 00:10:51 +0800] [1] [INFO] Using worker: gthread
[2025-02-25 00:10:51 +0800] [7] [INFO] Booting worker with pid: 7
[2025-02-25 00:10:51 +0800] [8] [INFO] Booting worker with pid: 8
[2025-02-25 00:10:51 +0800] [7] [INFO] Worker exiting (pid: 7)
[2025-02-25 00:10:51 +0800] [9] [INFO] Booting worker with pid: 9
[2025-02-25 00:10:51 +0800] [1] [ERROR] Worker (pid:7) exited with code 4
[2025-02-25 00:10:52 +0800] [8] [INFO] Worker exiting (pid: 8)
[2025-02-25 00:10:52 +0800] [1] [ERROR] Worker (pid:8) exited with code 4
[2025-02-25 00:10:58 +0800] [1] [INFO] Starting gunicorn 23.0.0
[2025-02-25 00:10:58 +0800] [1] [INFO] Listening at: http://0.0.0.0:5000 (1)
[2025-02-25 00:10:58 +0800] [1] [INFO] Using worker: gthread
[2025-02-25 00:10:58 +0800] [8] [INFO] Booting worker with pid: 8
[2025-02-25 00:10:58 +0800] [9] [INFO] Booting worker with pid: 9
[2025-02-25 00:10:58 +0800] [10] [INFO] Booting worker with pid: 10
[2025-02-25 00:10:58 +0800] [8] [INFO] Worker exiting (pid: 8)
[2025-02-25 00:10:58 +0800] [9] [INFO] Worker exiting (pid: 9)
[2025-02-25 00:10:58 +0800] [11] [INFO] Booting worker with pid: 11
[2025-02-25 00:10:58 +0800] [1] [ERROR] Worker (pid:8) exited with code 4
[2025-02-25 00:10:58 +0800] [1] [ERROR] Worker (pid:9) was sent SIGTERM!
[2025-02-25 00:10:58 +0800] [10] [INFO] Worker exiting (pid: 10)
[2025-02-25 00:10:58 +0800] [1] [ERROR] Worker (pid:10) exited with code 4
[2025-02-25 00:11:11 +0800] [1] [INFO] Starting gunicorn 23.0.0
[2025-02-25 00:11:11 +0800] [1] [INFO] Listening at: http://0.0.0.0:5000 (1)
[2025-02-25 00:11:11 +0800] [1] [INFO] Using worker: gthread
[2025-02-25 00:11:11 +0800] [8] [INFO] Booting worker with pid: 8
[2025-02-25 00:11:12 +0800] [9] [INFO] Booting worker with pid: 9
[2025-02-25 00:11:12 +0800] [10] [INFO] Booting worker with pid: 10
[2025-02-25 00:11:12 +0800] [11] [INFO] Booting worker with pid: 11
[2025-02-25 00:11:12 +0800] [8] [INFO] Worker exiting (pid: 8)
[2025-02-25 00:11:12 +0800] [1] [ERROR] Worker (pid:8) exited with code 4
[2025-02-25 00:11:12 +0800] [9] [INFO] Worker exiting (pid: 9)
[2025-02-25 00:11:12 +0800] [10] [INFO] Worker exiting (pid: 10)
[2025-02-25 00:11:12 +0800] [11] [INFO] Worker exiting (pid: 11)
[2025-02-25 00:11:12 +0800] [1] [ERROR] Worker (pid:9) exited with code 4
[2025-02-25 00:11:12 +0800] [1] [ERROR] Worker (pid:10) exited with code 4
[2025-02-25 00:11:38 +0800] [1] [INFO] Starting gunicorn 23.0.0
[2025-02-25 00:11:38 +0800] [1] [INFO] Listening at: http://0.0.0.0:5000 (1)
[2025-02-25 00:11:38 +0800] [1] [INFO] Using worker: gthread
[2025-02-25 00:11:38 +0800] [7] [INFO] Booting worker with pid: 7
[2025-02-25 00:11:38 +0800] [8] [INFO] Booting worker with pid: 8
[2025-02-25 00:11:38 +0800] [9] [INFO] Booting worker with pid: 9
[2025-02-25 00:11:38 +0800] [7] [INFO] Worker exiting (pid: 7)
[2025-02-25 00:11:38 +0800] [1] [ERROR] Worker (pid:7) exited with code 4
[2025-02-25 00:11:38 +0800] [8] [INFO] Worker exiting (pid: 8)
[2025-02-25 00:11:38 +0800] [1] [ERROR] Worker (pid:8) exited with code 4
[2025-02-25 00:11:38 +0800] [9] [INFO] Worker exiting (pid: 9)
[2025-02-25 00:12:29 +0800] [1] [INFO] Starting gunicorn 23.0.0
[2025-02-25 00:12:29 +0800] [1] [INFO] Listening at: http://0.0.0.0:5000 (1)
[2025-02-25 00:12:29 +0800] [1] [INFO] Using worker: gthread
[2025-02-25 00:12:29 +0800] [8] [INFO] Booting worker with pid: 8
[2025-02-25 00:12:29 +0800] [9] [INFO] Booting worker with pid: 9
[2025-02-25 00:12:29 +0800] [10] [INFO] Booting worker with pid: 10
[2025-02-25 00:12:29 +0800] [8] [INFO] Worker exiting (pid: 8)
[2025-02-25 00:12:29 +0800] [11] [INFO] Booting worker with pid: 11
[2025-02-25 00:12:29 +0800] [1] [ERROR] Worker (pid:8) exited with code 4
[2025-02-25 00:12:29 +0800] [9] [INFO] Worker exiting (pid: 9)
[2025-02-25 00:12:29 +0800] [10] [INFO] Worker exiting (pid: 10)
[2025-02-25 00:12:29 +0800] [1] [ERROR] Worker (pid:9) exited with code 4
[2025-02-25 00:13:30 +0800] [1] [INFO] Starting gunicorn 23.0.0
[2025-02-25 00:13:30 +0800] [1] [INFO] Listening at: http://0.0.0.0:5000 (1)
[2025-02-25 00:13:30 +0800] [1] [INFO] Using worker: gthread
[2025-02-25 00:13:30 +0800] [7] [INFO] Booting worker with pid: 7
[2025-02-25 00:13:30 +0800] [8] [INFO] Booting worker with pid: 8
[2025-02-25 00:13:30 +0800] [7] [INFO] Worker exiting (pid: 7)
[2025-02-25 00:13:30 +0800] [9] [INFO] Booting worker with pid: 9
[2025-02-25 00:13:30 +0800] [1] [ERROR] Worker (pid:7) exited with code 4
[2025-02-25 00:13:30 +0800] [8] [INFO] Worker exiting (pid: 8)
[2025-02-25 00:13:30 +0800] [1] [ERROR] Worker (pid:8) exited with code 4
[2025-02-25 00:14:30 +0800] [1] [INFO] Starting gunicorn 23.0.0
[2025-02-25 00:14:30 +0800] [1] [INFO] Listening at: http://0.0.0.0:5000 (1)
[2025-02-25 00:14:30 +0800] [1] [INFO] Using worker: gthread
[2025-02-25 00:14:30 +0800] [7] [INFO] Booting worker with pid: 7
[2025-02-25 00:14:30 +0800] [8] [INFO] Booting worker with pid: 8
[2025-02-25 00:14:30 +0800] [9] [INFO] Booting worker with pid: 9
[2025-02-25 00:14:30 +0800] [10] [INFO] Booting worker with pid: 10
[2025-02-25 00:14:30 +0800] [7] [INFO] Worker exiting (pid: 7)
[2025-02-25 00:14:30 +0800] [8] [INFO] Worker exiting (pid: 8)
[2025-02-25 00:14:30 +0800] [9] [INFO] Worker exiting (pid: 9)
[2025-02-25 00:14:30 +0800] [1] [ERROR] Worker (pid:8) exited with code 4
[2025-02-25 00:14:30 +0800] [1] [ERROR] Worker (pid:9) was sent SIGTERM!
[2025-02-25 00:14:30 +0800] [10] [INFO] Worker exiting (pid: 10)
[2025-02-25 00:14:30 +0800] [1] [ERROR] Worker (pid:10) exited with code 4
[2025-02-25 00:15:31 +0800] [1] [INFO] Starting gunicorn 23.0.0
[2025-02-25 00:15:31 +0800] [1] [INFO] Listening at: http://0.0.0.0:5000 (1)
[2025-02-25 00:15:31 +0800] [1] [INFO] Using worker: gthread
[2025-02-25 00:15:31 +0800] [8] [INFO] Booting worker with pid: 8
[2025-02-25 00:15:31 +0800] [9] [INFO] Booting worker with pid: 9
[2025-02-25 00:15:31 +0800] [10] [INFO] Booting worker with pid: 10
[2025-02-25 00:15:31 +0800] [11] [INFO] Booting worker with pid: 11
[2025-02-25 00:15:31 +0800] [8] [INFO] Worker exiting (pid: 8)
[2025-02-25 00:15:31 +0800] [1] [ERROR] Worker (pid:8) exited with code 4
[2025-02-25 00:15:31 +0800] [9] [INFO] Worker exiting (pid: 9)
[2025-02-25 00:15:31 +0800] [10] [INFO] Worker exiting (pid: 10)
[2025-02-25 00:15:31 +0800] [1] [ERROR] Worker (pid:9) exited with code 4
[2025-02-25 00:16:31 +0800] [1] [INFO] Starting gunicorn 23.0.0
[2025-02-25 00:16:31 +0800] [1] [INFO] Listening at: http://0.0.0.0:5000 (1)
[2025-02-25 00:16:31 +0800] [1] [INFO] Using worker: gthread
[2025-02-25 00:16:31 +0800] [8] [INFO] Booting worker with pid: 8
[2025-02-25 00:16:31 +0800] [9] [INFO] Booting worker with pid: 9
[2025-02-25 00:16:31 +0800] [10] [INFO] Booting worker with pid: 10
[2025-02-25 00:16:31 +0800] [8] [INFO] Worker exiting (pid: 8)
[2025-02-25 00:16:31 +0800] [1] [ERROR] Worker (pid:8) exited with code 4
[2025-02-25 00:16:31 +0800] [9] [INFO] Worker exiting (pid: 9)
[2025-02-25 00:16:31 +0800] [1] [ERROR] Worker (pid:9) exited with code 4
[2025-02-25 00:16:31 +0800] [10] [INFO] Worker exiting (pid: 10)
[2025-02-25 08:48:29 +0800] [1] [INFO] Starting gunicorn 23.0.0
[2025-02-25 08:48:29 +0800] [1] [INFO] Listening at: http://0.0.0.0:5000 (1)
[2025-02-25 08:48:29 +0800] [1] [INFO] Using worker: gthread
[2025-02-25 08:48:29 +0800] [8] [INFO] Booting worker with pid: 8
[2025-02-25 08:48:29 +0800] [9] [INFO] Booting worker with pid: 9
[2025-02-25 08:48:29 +0800] [10] [INFO] Booting worker with pid: 10
[2025-02-25 08:48:29 +0800] [11] [INFO] Booting worker with pid: 11
[2025-02-25 08:48:29 +0800] [9] [INFO] Worker exiting (pid: 9)
[2025-02-25 08:48:29 +0800] [8] [INFO] Worker exiting (pid: 8)
[2025-02-25 08:48:29 +0800] [10] [INFO] Worker exiting (pid: 10)
[2025-02-25 08:48:29 +0800] [11] [INFO] Worker exiting (pid: 11)
[2025-02-25 08:48:29 +0800] [1] [ERROR] Worker (pid:8) exited with code 4
[2025-02-25 08:48:29 +0800] [1] [ERROR] Worker (pid:10) was sent SIGTERM!
[2025-02-25 08:48:29 +0800] [1] [ERROR] Worker (pid:11) was sent SIGTERM!
[2025-02-25 08:48:29 +0800] [1] [ERROR] Shutting down: Master
[2025-02-25 08:48:29 +0800] [1] [ERROR] Reason: App failed to load.
[2025-02-25 08:48:29 +0800] [1] [INFO] Starting gunicorn 23.0.0
[2025-02-25 08:48:29 +0800] [1] [INFO] Listening at: http://0.0.0.0:5000 (1)
[2025-02-25 08:48:29 +0800] [1] [INFO] Using worker: gthread
[2025-02-25 08:48:29 +0800] [8] [INFO] Booting worker with pid: 8
[2025-02-25 08:48:29 +0800] [9] [INFO] Booting worker with pid: 9
[2025-02-25 08:48:29 +0800] [10] [INFO] Booting worker with pid: 10
[2025-02-25 08:48:29 +0800] [8] [INFO] Worker exiting (pid: 8)
[2025-02-25 08:48:30 +0800] [11] [INFO] Booting worker with pid: 11
[2025-02-25 08:48:30 +0800] [1] [ERROR] Worker (pid:8) exited with code 4
[2025-02-25 08:48:30 +0800] [9] [INFO] Worker exiting (pid: 9)
[2025-02-25 08:48:30 +0800] [10] [INFO] Worker exiting (pid: 10)
[2025-02-25 08:48:30 +0800] [1] [ERROR] Worker (pid:9) exited with code 4
[2025-02-25 08:48:30 +0800] [1] [INFO] Starting gunicorn 23.0.0
[2025-02-25 08:48:30 +0800] [1] [INFO] Listening at: http://0.0.0.0:5000 (1)
[2025-02-25 08:48:30 +0800] [1] [INFO] Using worker: gthread
[2025-02-25 08:48:30 +0800] [7] [INFO] Booting worker with pid: 7
[2025-02-25 08:48:30 +0800] [8] [INFO] Booting worker with pid: 8
[2025-02-25 08:48:30 +0800] [9] [INFO] Booting worker with pid: 9
[2025-02-25 08:48:30 +0800] [10] [INFO] Booting worker with pid: 10
[2025-02-25 08:48:30 +0800] [7] [INFO] Worker exiting (pid: 7)
[2025-02-25 08:48:30 +0800] [8] [INFO] Worker exiting (pid: 8)
[2025-02-25 08:48:30 +0800] [1] [ERROR] Worker (pid:7) exited with code 4
[2025-02-25 08:48:30 +0800] [1] [ERROR] Worker (pid:8) was sent SIGTERM!
[2025-02-25 08:48:30 +0800] [9] [INFO] Worker exiting (pid: 9)
[2025-02-25 08:48:30 +0800] [1] [ERROR] Worker (pid:9) exited with code 4
[2025-02-25 08:48:30 +0800] [10] [INFO] Worker exiting (pid: 10)
[2025-02-25 08:48:31 +0800] [1] [INFO] Starting gunicorn 23.0.0
[2025-02-25 08:48:31 +0800] [1] [INFO] Listening at: http://0.0.0.0:5000 (1)
[2025-02-25 08:48:31 +0800] [1] [INFO] Using worker: gthread
[2025-02-25 08:48:31 +0800] [8] [INFO] Booting worker with pid: 8
[2025-02-25 08:48:31 +0800] [9] [INFO] Booting worker with pid: 9
[2025-02-25 08:48:31 +0800] [8] [INFO] Worker exiting (pid: 8)
[2025-02-25 08:48:31 +0800] [1] [ERROR] Worker (pid:8) exited with code 4
[2025-02-25 08:48:31 +0800] [9] [INFO] Worker exiting (pid: 9)
[2025-02-25 08:48:31 +0800] [1] [ERROR] Worker (pid:9) exited with code 4
[2025-02-25 08:48:32 +0800] [1] [INFO] Starting gunicorn 23.0.0
[2025-02-25 08:48:32 +0800] [1] [INFO] Listening at: http://0.0.0.0:5000 (1)
[2025-02-25 08:48:32 +0800] [1] [INFO] Using worker: gthread
[2025-02-25 08:48:32 +0800] [8] [INFO] Booting worker with pid: 8
[2025-02-25 08:48:32 +0800] [9] [INFO] Booting worker with pid: 9
[2025-02-25 08:48:32 +0800] [10] [INFO] Booting worker with pid: 10
[2025-02-25 08:48:32 +0800] [11] [INFO] Booting worker with pid: 11
[2025-02-25 08:48:32 +0800] [8] [INFO] Worker exiting (pid: 8)
[2025-02-25 08:48:32 +0800] [9] [INFO] Worker exiting (pid: 9)
[2025-02-25 08:48:32 +0800] [1] [ERROR] Worker (pid:8) exited with code 4
[2025-02-25 08:48:32 +0800] [1] [ERROR] Worker (pid:9) was sent SIGTERM!
[2025-02-25 08:48:32 +0800] [10] [INFO] Worker exiting (pid: 10)
[2025-02-25 08:48:32 +0800] [11] [INFO] Worker exiting (pid: 11)
[2025-02-25 08:48:32 +0800] [1] [ERROR] Worker (pid:10) exited with code 4
[2025-02-25 08:48:34 +0800] [1] [INFO] Starting gunicorn 23.0.0
[2025-02-25 08:48:34 +0800] [1] [INFO] Listening at: http://0.0.0.0:5000 (1)
[2025-02-25 08:48:34 +0800] [1] [INFO] Using worker: gthread
[2025-02-25 08:48:34 +0800] [7] [INFO] Booting worker with pid: 7
[2025-02-25 08:48:34 +0800] [8] [INFO] Booting worker with pid: 8
[2025-02-25 08:48:34 +0800] [7] [INFO] Worker exiting (pid: 7)
[2025-02-25 08:48:34 +0800] [9] [INFO] Booting worker with pid: 9
[2025-02-25 08:48:34 +0800] [1] [ERROR] Worker (pid:7) exited with code 4
[2025-02-25 08:48:34 +0800] [8] [INFO] Worker exiting (pid: 8)
[2025-02-25 08:48:34 +0800] [1] [ERROR] Worker (pid:8) exited with code 4
[2025-02-25 08:48:34 +0800] [9] [INFO] Worker exiting (pid: 9)
[2025-02-25 08:48:38 +0800] [1] [INFO] Starting gunicorn 23.0.0
[2025-02-25 08:48:38 +0800] [1] [INFO] Listening at: http://0.0.0.0:5000 (1)
[2025-02-25 08:48:38 +0800] [1] [INFO] Using worker: gthread
[2025-02-25 08:48:38 +0800] [7] [INFO] Booting worker with pid: 7
[2025-02-25 08:48:38 +0800] [8] [INFO] Booting worker with pid: 8
[2025-02-25 08:48:38 +0800] [7] [INFO] Worker exiting (pid: 7)
[2025-02-25 08:48:38 +0800] [1] [ERROR] Worker (pid:7) exited with code 4
[2025-02-25 08:48:38 +0800] [8] [INFO] Worker exiting (pid: 8)
[2025-02-25 08:48:38 +0800] [1] [ERROR] Worker (pid:8) exited with code 4
[2025-02-25 08:48:45 +0800] [1] [INFO] Starting gunicorn 23.0.0
[2025-02-25 08:48:45 +0800] [1] [INFO] Listening at: http://0.0.0.0:5000 (1)
[2025-02-25 08:48:45 +0800] [1] [INFO] Using worker: gthread
[2025-02-25 08:48:45 +0800] [8] [INFO] Booting worker with pid: 8
[2025-02-25 08:48:45 +0800] [9] [INFO] Booting worker with pid: 9
[2025-02-25 08:48:45 +0800] [8] [INFO] Worker exiting (pid: 8)
[2025-02-25 08:48:45 +0800] [10] [INFO] Booting worker with pid: 10
[2025-02-25 08:48:45 +0800] [1] [ERROR] Worker (pid:8) exited with code 4
[2025-02-25 08:48:45 +0800] [9] [INFO] Worker exiting (pid: 9)
[2025-02-25 08:48:45 +0800] [1] [ERROR] Worker (pid:9) exited with code 4
[2025-02-25 08:48:58 +0800] [1] [INFO] Starting gunicorn 23.0.0
[2025-02-25 08:48:58 +0800] [1] [INFO] Listening at: http://0.0.0.0:5000 (1)
[2025-02-25 08:48:58 +0800] [1] [INFO] Using worker: gthread
[2025-02-25 08:48:58 +0800] [8] [INFO] Booting worker with pid: 8
[2025-02-25 08:48:58 +0800] [9] [INFO] Booting worker with pid: 9
[2025-02-25 08:48:58 +0800] [10] [INFO] Booting worker with pid: 10
[2025-02-25 08:48:58 +0800] [11] [INFO] Booting worker with pid: 11
[2025-02-25 08:48:58 +0800] [8] [INFO] Worker exiting (pid: 8)
[2025-02-25 08:48:58 +0800] [9] [INFO] Worker exiting (pid: 9)
[2025-02-25 08:48:58 +0800] [1] [ERROR] Worker (pid:8) exited with code 4
[2025-02-25 08:48:58 +0800] [1] [ERROR] Worker (pid:9) was sent SIGTERM!
[2025-02-25 08:48:58 +0800] [10] [INFO] Worker exiting (pid: 10)
[2025-02-25 08:48:58 +0800] [11] [INFO] Worker exiting (pid: 11)
[2025-02-25 08:48:58 +0800] [1] [ERROR] Worker (pid:10) exited with code 4
[2025-02-25 08:49:24 +0800] [1] [INFO] Starting gunicorn 23.0.0
[2025-02-25 08:49:24 +0800] [1] [INFO] Listening at: http://0.0.0.0:5000 (1)
[2025-02-25 08:49:24 +0800] [1] [INFO] Using worker: gthread
[2025-02-25 08:49:24 +0800] [8] [INFO] Booting worker with pid: 8
[2025-02-25 08:49:24 +0800] [9] [INFO] Booting worker with pid: 9
[2025-02-25 08:49:24 +0800] [10] [INFO] Booting worker with pid: 10
[2025-02-25 08:49:24 +0800] [8] [INFO] Worker exiting (pid: 8)
[2025-02-25 08:49:24 +0800] [11] [INFO] Booting worker with pid: 11
[2025-02-25 08:49:24 +0800] [1] [ERROR] Worker (pid:8) exited with code 4
[2025-02-25 08:49:24 +0800] [9] [INFO] Worker exiting (pid: 9)
[2025-02-25 08:49:24 +0800] [1] [ERROR] Worker (pid:9) exited with code 4
[2025-02-25 08:50:16 +0800] [1] [INFO] Starting gunicorn 23.0.0
[2025-02-25 08:50:16 +0800] [1] [INFO] Listening at: http://0.0.0.0:5000 (1)
[2025-02-25 08:50:16 +0800] [1] [INFO] Using worker: gthread
[2025-02-25 08:50:16 +0800] [8] [INFO] Booting worker with pid: 8
[2025-02-25 08:50:16 +0800] [9] [INFO] Booting worker with pid: 9
[2025-02-25 08:50:16 +0800] [8] [INFO] Worker exiting (pid: 8)
[2025-02-25 08:50:16 +0800] [1] [ERROR] Worker (pid:8) exited with code 4
[2025-02-25 08:50:16 +0800] [9] [INFO] Worker exiting (pid: 9)
[2025-02-25 08:50:16 +0800] [1] [ERROR] Worker (pid:9) exited with code 4
[2025-02-25 08:51:16 +0800] [1] [INFO] Starting gunicorn 23.0.0
[2025-02-25 08:51:16 +0800] [1] [INFO] Listening at: http://0.0.0.0:5000 (1)
[2025-02-25 08:51:16 +0800] [1] [INFO] Using worker: gthread
[2025-02-25 08:51:16 +0800] [8] [INFO] Booting worker with pid: 8
[2025-02-25 08:51:16 +0800] [9] [INFO] Booting worker with pid: 9
[2025-02-25 08:51:16 +0800] [8] [INFO] Worker exiting (pid: 8)
[2025-02-25 08:51:16 +0800] [10] [INFO] Booting worker with pid: 10
[2025-02-25 08:51:16 +0800] [1] [ERROR] Worker (pid:8) exited with code 4
[2025-02-25 08:51:16 +0800] [9] [INFO] Worker exiting (pid: 9)
[2025-02-25 08:51:16 +0800] [10] [INFO] Worker exiting (pid: 10)
[2025-02-25 08:51:16 +0800] [1] [ERROR] Worker (pid:9) exited with code 4
[2025-02-25 08:52:17 +0800] [1] [INFO] Starting gunicorn 23.0.0
[2025-02-25 08:52:17 +0800] [1] [INFO] Listening at: http://0.0.0.0:5000 (1)
[2025-02-25 08:52:17 +0800] [1] [INFO] Using worker: gthread
[2025-02-25 08:52:17 +0800] [7] [INFO] Booting worker with pid: 7
[2025-02-25 08:52:17 +0800] [8] [INFO] Booting worker with pid: 8
[2025-02-25 08:52:17 +0800] [9] [INFO] Booting worker with pid: 9
[2025-02-25 08:52:17 +0800] [7] [INFO] Worker exiting (pid: 7)
[2025-02-25 08:52:17 +0800] [1] [ERROR] Worker (pid:7) exited with code 4
[2025-02-25 08:52:17 +0800] [8] [INFO] Worker exiting (pid: 8)
[2025-02-25 08:52:17 +0800] [9] [INFO] Worker exiting (pid: 9)
[2025-02-25 08:52:17 +0800] [1] [ERROR] Worker (pid:8) exited with code 4
[2025-02-25 08:53:17 +0800] [1] [INFO] Starting gunicorn 23.0.0
[2025-02-25 08:53:17 +0800] [1] [INFO] Listening at: http://0.0.0.0:5000 (1)
[2025-02-25 08:53:17 +0800] [1] [INFO] Using worker: gthread
[2025-02-25 08:53:17 +0800] [8] [INFO] Booting worker with pid: 8
[2025-02-25 08:53:17 +0800] [9] [INFO] Booting worker with pid: 9
[2025-02-25 08:53:17 +0800] [10] [INFO] Booting worker with pid: 10
[2025-02-25 08:53:17 +0800] [11] [INFO] Booting worker with pid: 11
[2025-02-25 08:53:17 +0800] [8] [INFO] Worker exiting (pid: 8)
[2025-02-25 08:53:17 +0800] [9] [INFO] Worker exiting (pid: 9)
[2025-02-25 08:53:17 +0800] [1] [ERROR] Worker (pid:8) exited with code 4
[2025-02-25 08:53:17 +0800] [1] [ERROR] Worker (pid:9) was sent SIGTERM!
[2025-02-25 08:53:17 +0800] [10] [INFO] Worker exiting (pid: 10)
[2025-02-25 08:53:17 +0800] [11] [INFO] Worker exiting (pid: 11)
[2025-02-25 08:53:17 +0800] [1] [ERROR] Worker (pid:10) exited with code 4
[2025-02-25 08:54:18 +0800] [1] [INFO] Starting gunicorn 23.0.0
[2025-02-25 08:54:18 +0800] [1] [INFO] Listening at: http://0.0.0.0:5000 (1)
[2025-02-25 08:54:18 +0800] [1] [INFO] Using worker: gthread
[2025-02-25 08:54:18 +0800] [8] [INFO] Booting worker with pid: 8
[2025-02-25 08:54:18 +0800] [9] [INFO] Booting worker with pid: 9
[2025-02-25 08:54:18 +0800] [8] [INFO] Worker exiting (pid: 8)
[2025-02-25 08:54:18 +0800] [10] [INFO] Booting worker with pid: 10
[2025-02-25 08:54:18 +0800] [1] [ERROR] Worker (pid:8) exited with code 4
[2025-02-25 08:54:18 +0800] [9] [INFO] Worker exiting (pid: 9)
[2025-02-25 08:54:18 +0800] [1] [ERROR] Worker (pid:9) exited with code 4
[2025-02-25 08:54:18 +0800] [10] [INFO] Worker exiting (pid: 10)
[2025-02-25 08:55:18 +0800] [1] [INFO] Starting gunicorn 23.0.0
[2025-02-25 08:55:18 +0800] [1] [INFO] Listening at: http://0.0.0.0:5000 (1)
[2025-02-25 08:55:18 +0800] [1] [INFO] Using worker: gthread
[2025-02-25 08:55:18 +0800] [8] [INFO] Booting worker with pid: 8
[2025-02-25 08:55:18 +0800] [9] [INFO] Booting worker with pid: 9
[2025-02-25 08:55:18 +0800] [10] [INFO] Booting worker with pid: 10
[2025-02-25 08:55:18 +0800] [8] [INFO] Worker exiting (pid: 8)
[2025-02-25 08:55:18 +0800] [1] [ERROR] Worker (pid:8) exited with code 4
[2025-02-25 08:55:18 +0800] [9] [INFO] Worker exiting (pid: 9)
[2025-02-25 08:55:18 +0800] [1] [ERROR] Worker (pid:9) exited with code 4
[2025-02-25 08:55:18 +0800] [10] [INFO] Worker exiting (pid: 10)
[2025-02-25 09:04:18 +0800] [1] [INFO] Starting gunicorn 23.0.0
[2025-02-25 09:04:18 +0800] [1] [INFO] Listening at: http://0.0.0.0:5000 (1)
[2025-02-25 09:04:18 +0800] [1] [INFO] Using worker: gthread
[2025-02-25 09:04:18 +0800] [8] [INFO] Booting worker with pid: 8
[2025-02-25 09:04:18 +0800] [9] [INFO] Booting worker with pid: 9
[2025-02-25 09:04:18 +0800] [8] [INFO] Worker exiting (pid: 8)
[2025-02-25 09:04:18 +0800] [10] [INFO] Booting worker with pid: 10
[2025-02-25 09:04:18 +0800] [1] [ERROR] Worker (pid:8) exited with code 4
[2025-02-25 09:04:18 +0800] [9] [INFO] Worker exiting (pid: 9)
[2025-02-25 09:04:18 +0800] [1] [ERROR] Worker (pid:9) exited with code 4
[2025-02-25 09:05:18 +0800] [1] [INFO] Starting gunicorn 23.0.0
[2025-02-25 09:05:18 +0800] [1] [INFO] Listening at: http://0.0.0.0:5000 (1)
[2025-02-25 09:05:18 +0800] [1] [INFO] Using worker: gthread
[2025-02-25 09:05:18 +0800] [7] [INFO] Booting worker with pid: 7
[2025-02-25 09:05:18 +0800] [8] [INFO] Booting worker with pid: 8
[2025-02-25 09:05:18 +0800] [9] [INFO] Booting worker with pid: 9
[2025-02-25 09:05:19 +0800] [7] [INFO] Worker exiting (pid: 7)
[2025-02-25 09:05:19 +0800] [1] [ERROR] Worker (pid:7) exited with code 4
[2025-02-25 09:05:19 +0800] [8] [INFO] Worker exiting (pid: 8)
[2025-02-25 09:05:19 +0800] [1] [ERROR] Worker (pid:8) exited with code 4
[2025-02-25 09:06:19 +0800] [1] [INFO] Starting gunicorn 23.0.0
[2025-02-25 09:06:19 +0800] [1] [INFO] Listening at: http://0.0.0.0:5000 (1)
[2025-02-25 09:06:19 +0800] [1] [INFO] Using worker: gthread
[2025-02-25 09:06:19 +0800] [7] [INFO] Booting worker with pid: 7
[2025-02-25 09:06:19 +0800] [8] [INFO] Booting worker with pid: 8
[2025-02-25 09:06:19 +0800] [9] [INFO] Booting worker with pid: 9
[2025-02-25 09:06:19 +0800] [10] [INFO] Booting worker with pid: 10
[2025-02-25 09:06:19 +0800] [8] [INFO] Worker exiting (pid: 8)
[2025-02-25 09:06:19 +0800] [7] [INFO] Worker exiting (pid: 7)
[2025-02-25 09:06:19 +0800] [9] [INFO] Worker exiting (pid: 9)
[2025-02-25 09:06:19 +0800] [1] [ERROR] Worker (pid:7) exited with code 4
[2025-02-25 09:06:19 +0800] [1] [ERROR] Worker (pid:9) was sent SIGTERM!
[2025-02-25 09:06:19 +0800] [10] [INFO] Worker exiting (pid: 10)
[2025-02-25 09:06:19 +0800] [1] [ERROR] Worker (pid:10) exited with code 4
[2025-02-25 09:07:19 +0800] [1] [INFO] Starting gunicorn 23.0.0
[2025-02-25 09:07:19 +0800] [1] [INFO] Listening at: http://0.0.0.0:5000 (1)
[2025-02-25 09:07:19 +0800] [1] [INFO] Using worker: gthread
[2025-02-25 09:07:19 +0800] [8] [INFO] Booting worker with pid: 8
[2025-02-25 09:07:19 +0800] [9] [INFO] Booting worker with pid: 9
[2025-02-25 09:07:19 +0800] [10] [INFO] Booting worker with pid: 10
[2025-02-25 09:07:19 +0800] [8] [INFO] Worker exiting (pid: 8)
[2025-02-25 09:07:19 +0800] [1] [ERROR] Worker (pid:8) exited with code 4
[2025-02-25 09:07:19 +0800] [9] [INFO] Worker exiting (pid: 9)
[2025-02-25 09:07:19 +0800] [10] [INFO] Worker exiting (pid: 10)
[2025-02-25 09:07:19 +0800] [1] [ERROR] Worker (pid:9) exited with code 4
[2025-02-25 09:07:19 +0800] [1] [ERROR] Worker (pid:10) exited with code 4
[2025-02-25 09:08:20 +0800] [1] [INFO] Starting gunicorn 23.0.0
[2025-02-25 09:08:20 +0800] [1] [INFO] Listening at: http://0.0.0.0:5000 (1)
[2025-02-25 09:08:20 +0800] [1] [INFO] Using worker: gthread
[2025-02-25 09:08:20 +0800] [8] [INFO] Booting worker with pid: 8
[2025-02-25 09:08:20 +0800] [9] [INFO] Booting worker with pid: 9
[2025-02-25 09:08:20 +0800] [8] [INFO] Worker exiting (pid: 8)
[2025-02-25 09:08:20 +0800] [1] [ERROR] Worker (pid:8) exited with code 4
[2025-02-25 09:08:20 +0800] [9] [INFO] Worker exiting (pid: 9)
[2025-02-25 09:08:20 +0800] [1] [ERROR] Worker (pid:9) exited with code 4
[2025-02-25 09:09:20 +0800] [1] [INFO] Starting gunicorn 23.0.0
[2025-02-25 09:09:20 +0800] [1] [INFO] Listening at: http://0.0.0.0:5000 (1)
[2025-02-25 09:09:20 +0800] [1] [INFO] Using worker: gthread
[2025-02-25 09:09:20 +0800] [8] [INFO] Booting worker with pid: 8
[2025-02-25 09:09:20 +0800] [9] [INFO] Booting worker with pid: 9
[2025-02-25 09:09:20 +0800] [10] [INFO] Booting worker with pid: 10
[2025-02-25 09:09:20 +0800] [8] [INFO] Worker exiting (pid: 8)
[2025-02-25 09:09:20 +0800] [11] [INFO] Booting worker with pid: 11
[2025-02-25 09:09:20 +0800] [9] [INFO] Worker exiting (pid: 9)
[2025-02-25 09:09:20 +0800] [1] [ERROR] Worker (pid:8) exited with code 4
[2025-02-25 09:09:20 +0800] [1] [ERROR] Worker (pid:9) was sent SIGTERM!
[2025-02-25 09:09:20 +0800] [10] [INFO] Worker exiting (pid: 10)
[2025-02-25 09:09:20 +0800] [11] [INFO] Worker exiting (pid: 11)
[2025-02-25 09:09:20 +0800] [1] [ERROR] Worker (pid:10) exited with code 4
[2025-02-25 09:10:21 +0800] [1] [INFO] Starting gunicorn 23.0.0
[2025-02-25 09:10:21 +0800] [1] [INFO] Listening at: http://0.0.0.0:5000 (1)
[2025-02-25 09:10:21 +0800] [1] [INFO] Using worker: gthread
[2025-02-25 09:10:21 +0800] [8] [INFO] Booting worker with pid: 8
[2025-02-25 09:10:21 +0800] [9] [INFO] Booting worker with pid: 9
[2025-02-25 09:10:21 +0800] [10] [INFO] Booting worker with pid: 10
[2025-02-25 09:10:21 +0800] [8] [INFO] Worker exiting (pid: 8)
[2025-02-25 09:10:21 +0800] [9] [INFO] Worker exiting (pid: 9)
[2025-02-25 09:10:21 +0800] [1] [ERROR] Worker (pid:8) exited with code 4
[2025-02-25 09:10:21 +0800] [1] [ERROR] Worker (pid:9) was sent SIGTERM!
[2025-02-25 09:10:21 +0800] [10] [INFO] Worker exiting (pid: 10)
[2025-02-25 09:10:21 +0800] [1] [ERROR] Worker (pid:10) exited with code 4
[2025-02-25 09:11:21 +0800] [1] [INFO] Starting gunicorn 23.0.0
[2025-02-25 09:11:21 +0800] [1] [INFO] Listening at: http://0.0.0.0:5000 (1)
[2025-02-25 09:11:21 +0800] [1] [INFO] Using worker: gthread
[2025-02-25 09:11:21 +0800] [7] [INFO] Booting worker with pid: 7
[2025-02-25 09:11:21 +0800] [8] [INFO] Booting worker with pid: 8
[2025-02-25 09:11:21 +0800] [7] [INFO] Worker exiting (pid: 7)
[2025-02-25 09:11:21 +0800] [9] [INFO] Booting worker with pid: 9
[2025-02-25 09:11:21 +0800] [1] [ERROR] Worker (pid:7) exited with code 4
[2025-02-25 09:11:21 +0800] [8] [INFO] Worker exiting (pid: 8)
[2025-02-25 09:11:21 +0800] [1] [ERROR] Worker (pid:8) exited with code 4
[2025-02-25 09:52:22 +0800] [1] [INFO] Starting gunicorn 23.0.0
[2025-02-25 09:52:22 +0800] [1] [INFO] Listening at: http://0.0.0.0:5000 (1)
[2025-02-25 09:52:22 +0800] [1] [INFO] Using worker: gthread
[2025-02-25 09:52:22 +0800] [8] [INFO] Booting worker with pid: 8
[2025-02-25 09:52:22 +0800] [9] [INFO] Booting worker with pid: 9
[2025-02-25 09:52:22 +0800] [8] [INFO] Worker exiting (pid: 8)
[2025-02-25 09:52:23 +0800] [1] [ERROR] Worker (pid:8) exited with code 4
[2025-02-25 09:52:23 +0800] [9] [INFO] Worker exiting (pid: 9)
[2025-02-25 09:52:23 +0800] [1] [ERROR] Worker (pid:9) exited with code 4
[2025-02-25 09:52:23 +0800] [1] [INFO] Starting gunicorn 23.0.0
[2025-02-25 09:52:23 +0800] [1] [INFO] Listening at: http://0.0.0.0:5000 (1)
[2025-02-25 09:52:23 +0800] [1] [INFO] Using worker: gthread
[2025-02-25 09:52:23 +0800] [8] [INFO] Booting worker with pid: 8
[2025-02-25 09:52:23 +0800] [9] [INFO] Booting worker with pid: 9
[2025-02-25 09:52:23 +0800] [10] [INFO] Booting worker with pid: 10
[2025-02-25 09:52:23 +0800] [11] [INFO] Booting worker with pid: 11
[2025-02-25 09:52:23 +0800] [9] [INFO] Worker exiting (pid: 9)
[2025-02-25 09:52:23 +0800] [8] [INFO] Worker exiting (pid: 8)
[2025-02-25 09:52:23 +0800] [10] [INFO] Worker exiting (pid: 10)
[2025-02-25 09:52:23 +0800] [1] [ERROR] Worker (pid:8) exited with code 4
[2025-02-25 09:52:23 +0800] [1] [ERROR] Worker (pid:9) exited with code 4
[2025-02-25 09:52:23 +0800] [11] [INFO] Worker exiting (pid: 11)
[2025-02-25 09:52:24 +0800] [1] [INFO] Starting gunicorn 23.0.0
[2025-02-25 09:52:24 +0800] [1] [INFO] Listening at: http://0.0.0.0:5000 (1)
[2025-02-25 09:52:24 +0800] [1] [INFO] Using worker: gthread
[2025-02-25 09:52:24 +0800] [8] [INFO] Booting worker with pid: 8
[2025-02-25 09:52:24 +0800] [9] [INFO] Booting worker with pid: 9
[2025-02-25 09:52:24 +0800] [10] [INFO] Booting worker with pid: 10
[2025-02-25 09:52:24 +0800] [11] [INFO] Booting worker with pid: 11
[2025-02-25 09:52:24 +0800] [8] [INFO] Worker exiting (pid: 8)
[2025-02-25 09:52:24 +0800] [9] [INFO] Worker exiting (pid: 9)
[2025-02-25 09:52:24 +0800] [10] [INFO] Worker exiting (pid: 10)
[2025-02-25 09:52:24 +0800] [1] [ERROR] Worker (pid:8) exited with code 4
[2025-02-25 09:52:24 +0800] [1] [ERROR] Worker (pid:10) was sent SIGTERM!
[2025-02-25 09:52:24 +0800] [11] [INFO] Worker exiting (pid: 11)
[2025-02-25 09:52:24 +0800] [1] [ERROR] Worker (pid:11) exited with code 4
[2025-02-25 09:52:24 +0800] [1] [INFO] Starting gunicorn 23.0.0
[2025-02-25 09:52:24 +0800] [1] [INFO] Listening at: http://0.0.0.0:5000 (1)
[2025-02-25 09:52:24 +0800] [1] [INFO] Using worker: gthread
[2025-02-25 09:52:24 +0800] [8] [INFO] Booting worker with pid: 8
[2025-02-25 09:52:24 +0800] [9] [INFO] Booting worker with pid: 9
[2025-02-25 09:52:25 +0800] [10] [INFO] Booting worker with pid: 10
[2025-02-25 09:52:25 +0800] [11] [INFO] Booting worker with pid: 11
[2025-02-25 09:52:25 +0800] [8] [INFO] Worker exiting (pid: 8)
[2025-02-25 09:52:25 +0800] [9] [INFO] Worker exiting (pid: 9)
[2025-02-25 09:52:25 +0800] [10] [INFO] Worker exiting (pid: 10)
[2025-02-25 09:52:25 +0800] [1] [ERROR] Worker (pid:8) exited with code 4
[2025-02-25 09:52:25 +0800] [1] [ERROR] Worker (pid:10) was sent SIGTERM!
[2025-02-25 09:52:25 +0800] [11] [INFO] Worker exiting (pid: 11)
[2025-02-25 09:52:25 +0800] [1] [ERROR] Worker (pid:11) exited with code 4
[2025-02-25 09:52:26 +0800] [1] [INFO] Starting gunicorn 23.0.0
[2025-02-25 09:52:26 +0800] [1] [INFO] Listening at: http://0.0.0.0:5000 (1)
[2025-02-25 09:52:26 +0800] [1] [INFO] Using worker: gthread
[2025-02-25 09:52:26 +0800] [8] [INFO] Booting worker with pid: 8
[2025-02-25 09:52:26 +0800] [9] [INFO] Booting worker with pid: 9
[2025-02-25 09:52:26 +0800] [10] [INFO] Booting worker with pid: 10
[2025-02-25 09:52:26 +0800] [11] [INFO] Booting worker with pid: 11
[2025-02-25 09:52:26 +0800] [8] [INFO] Worker exiting (pid: 8)
[2025-02-25 09:52:26 +0800] [9] [INFO] Worker exiting (pid: 9)
[2025-02-25 09:52:26 +0800] [10] [INFO] Worker exiting (pid: 10)
[2025-02-25 09:52:26 +0800] [1] [ERROR] Worker (pid:8) exited with code 4
[2025-02-25 09:52:26 +0800] [1] [ERROR] Worker (pid:9) was sent SIGTERM!
[2025-02-25 09:52:26 +0800] [11] [INFO] Worker exiting (pid: 11)
[2025-02-25 09:52:26 +0800] [1] [ERROR] Worker (pid:11) exited with code 4
[2025-02-25 09:52:28 +0800] [1] [INFO] Starting gunicorn 23.0.0
[2025-02-25 09:52:28 +0800] [1] [INFO] Listening at: http://0.0.0.0:5000 (1)
[2025-02-25 09:52:28 +0800] [1] [INFO] Using worker: gthread
[2025-02-25 09:52:28 +0800] [8] [INFO] Booting worker with pid: 8
[2025-02-25 09:52:28 +0800] [9] [INFO] Booting worker with pid: 9
[2025-02-25 09:52:28 +0800] [8] [INFO] Worker exiting (pid: 8)
[2025-02-25 09:52:28 +0800] [10] [INFO] Booting worker with pid: 10
[2025-02-25 09:52:28 +0800] [1] [ERROR] Worker (pid:8) exited with code 4
[2025-02-25 09:52:28 +0800] [9] [INFO] Worker exiting (pid: 9)
[2025-02-25 09:52:28 +0800] [1] [ERROR] Worker (pid:9) exited with code 4
[2025-02-25 09:52:31 +0800] [1] [INFO] Starting gunicorn 23.0.0
[2025-02-25 09:52:31 +0800] [1] [INFO] Listening at: http://0.0.0.0:5000 (1)
[2025-02-25 09:52:31 +0800] [1] [INFO] Using worker: gthread
[2025-02-25 09:52:31 +0800] [8] [INFO] Booting worker with pid: 8
[2025-02-25 09:52:32 +0800] [9] [INFO] Booting worker with pid: 9
[2025-02-25 09:52:32 +0800] [8] [INFO] Worker exiting (pid: 8)
[2025-02-25 09:52:32 +0800] [1] [ERROR] Worker (pid:8) exited with code 4
[2025-02-25 09:52:32 +0800] [9] [INFO] Worker exiting (pid: 9)
[2025-02-25 09:52:32 +0800] [1] [ERROR] Worker (pid:9) exited with code 4
[2025-02-25 09:52:38 +0800] [1] [INFO] Starting gunicorn 23.0.0
[2025-02-25 09:52:38 +0800] [1] [INFO] Listening at: http://0.0.0.0:5000 (1)
[2025-02-25 09:52:38 +0800] [1] [INFO] Using worker: gthread
[2025-02-25 09:52:38 +0800] [8] [INFO] Booting worker with pid: 8
[2025-02-25 09:52:38 +0800] [9] [INFO] Booting worker with pid: 9
[2025-02-25 09:52:38 +0800] [8] [INFO] Worker exiting (pid: 8)
[2025-02-25 09:52:38 +0800] [1] [ERROR] Worker (pid:8) exited with code 4
[2025-02-25 09:52:39 +0800] [9] [INFO] Worker exiting (pid: 9)
[2025-02-25 09:52:39 +0800] [1] [ERROR] Worker (pid:9) exited with code 4
[2025-02-25 09:52:52 +0800] [1] [INFO] Starting gunicorn 23.0.0
[2025-02-25 09:52:52 +0800] [1] [INFO] Listening at: http://0.0.0.0:5000 (1)
[2025-02-25 09:52:52 +0800] [1] [INFO] Using worker: gthread
[2025-02-25 09:52:52 +0800] [8] [INFO] Booting worker with pid: 8
[2025-02-25 09:52:52 +0800] [9] [INFO] Booting worker with pid: 9
[2025-02-25 09:52:52 +0800] [8] [INFO] Worker exiting (pid: 8)
[2025-02-25 09:52:52 +0800] [1] [ERROR] Worker (pid:8) exited with code 4
[2025-02-25 09:52:52 +0800] [9] [INFO] Worker exiting (pid: 9)
[2025-02-25 09:52:52 +0800] [1] [ERROR] Worker (pid:9) exited with code 4
[2025-02-25 09:53:18 +0800] [1] [INFO] Starting gunicorn 23.0.0
[2025-02-25 09:53:18 +0800] [1] [INFO] Listening at: http://0.0.0.0:5000 (1)
[2025-02-25 09:53:18 +0800] [1] [INFO] Using worker: gthread
[2025-02-25 09:53:18 +0800] [8] [INFO] Booting worker with pid: 8
[2025-02-25 09:53:18 +0800] [9] [INFO] Booting worker with pid: 9
[2025-02-25 09:53:18 +0800] [8] [INFO] Worker exiting (pid: 8)
[2025-02-25 09:53:18 +0800] [10] [INFO] Booting worker with pid: 10
[2025-02-25 09:53:18 +0800] [1] [ERROR] Worker (pid:8) exited with code 4
[2025-02-25 09:53:18 +0800] [9] [INFO] Worker exiting (pid: 9)
[2025-02-25 09:53:18 +0800] [10] [INFO] Worker exiting (pid: 10)
[2025-02-25 09:53:18 +0800] [1] [ERROR] Worker (pid:9) exited with code 4
[2025-02-25 09:54:09 +0800] [1] [INFO] Starting gunicorn 23.0.0
[2025-02-25 09:54:09 +0800] [1] [INFO] Listening at: http://0.0.0.0:5000 (1)
[2025-02-25 09:54:09 +0800] [1] [INFO] Using worker: gthread
[2025-02-25 09:54:09 +0800] [8] [INFO] Booting worker with pid: 8
[2025-02-25 09:54:09 +0800] [9] [INFO] Booting worker with pid: 9
[2025-02-25 09:54:09 +0800] [8] [INFO] Worker exiting (pid: 8)
[2025-02-25 09:54:09 +0800] [1] [ERROR] Worker (pid:8) exited with code 4
[2025-02-25 09:54:10 +0800] [9] [INFO] Worker exiting (pid: 9)
[2025-02-25 09:54:10 +0800] [1] [ERROR] Worker (pid:9) exited with code 4
[2025-02-25 09:55:10 +0800] [1] [INFO] Starting gunicorn 23.0.0
[2025-02-25 09:55:10 +0800] [1] [INFO] Listening at: http://0.0.0.0:5000 (1)
[2025-02-25 09:55:10 +0800] [1] [INFO] Using worker: gthread
[2025-02-25 09:55:10 +0800] [7] [INFO] Booting worker with pid: 7
[2025-02-25 09:55:10 +0800] [8] [INFO] Booting worker with pid: 8
[2025-02-25 09:55:10 +0800] [9] [INFO] Booting worker with pid: 9
[2025-02-25 09:55:10 +0800] [7] [INFO] Worker exiting (pid: 7)
[2025-02-25 09:55:10 +0800] [1] [ERROR] Worker (pid:7) exited with code 4
[2025-02-25 09:55:10 +0800] [8] [INFO] Worker exiting (pid: 8)
[2025-02-25 09:55:10 +0800] [9] [INFO] Worker exiting (pid: 9)
[2025-02-25 09:55:10 +0800] [1] [ERROR] Worker (pid:8) exited with code 4
[2025-02-25 09:57:24 +0800] [1] [INFO] Starting gunicorn 23.0.0
[2025-02-25 09:57:24 +0800] [1] [INFO] Listening at: http://0.0.0.0:5000 (1)
[2025-02-25 09:57:24 +0800] [1] [INFO] Using worker: gthread
[2025-02-25 09:57:24 +0800] [8] [INFO] Booting worker with pid: 8
[2025-02-25 09:57:24 +0800] [9] [INFO] Booting worker with pid: 9
[2025-02-25 09:57:24 +0800] [8] [INFO] Worker exiting (pid: 8)
[2025-02-25 09:57:24 +0800] [10] [INFO] Booting worker with pid: 10
[2025-02-25 09:57:24 +0800] [1] [ERROR] Worker (pid:8) exited with code 4
[2025-02-25 09:57:24 +0800] [9] [INFO] Worker exiting (pid: 9)
[2025-02-25 09:57:24 +0800] [1] [ERROR] Worker (pid:9) exited with code 4
[2025-02-25 09:58:24 +0800] [1] [INFO] Starting gunicorn 23.0.0
[2025-02-25 09:58:24 +0800] [1] [INFO] Listening at: http://0.0.0.0:5000 (1)
[2025-02-25 09:58:24 +0800] [1] [INFO] Using worker: gthread
[2025-02-25 09:58:24 +0800] [8] [INFO] Booting worker with pid: 8
[2025-02-25 09:58:24 +0800] [9] [INFO] Booting worker with pid: 9
[2025-02-25 09:58:24 +0800] [10] [INFO] Booting worker with pid: 10
[2025-02-25 09:58:24 +0800] [8] [INFO] Worker exiting (pid: 8)
[2025-02-25 09:58:24 +0800] [1] [ERROR] Worker (pid:8) exited with code 4
[2025-02-25 09:58:24 +0800] [9] [INFO] Worker exiting (pid: 9)
[2025-02-25 09:58:24 +0800] [1] [ERROR] Worker (pid:9) exited with code 4
[2025-02-25 09:59:25 +0800] [1] [INFO] Starting gunicorn 23.0.0
[2025-02-25 09:59:25 +0800] [1] [INFO] Listening at: http://0.0.0.0:5000 (1)
[2025-02-25 09:59:25 +0800] [1] [INFO] Using worker: gthread
[2025-02-25 09:59:25 +0800] [8] [INFO] Booting worker with pid: 8
[2025-02-25 09:59:25 +0800] [9] [INFO] Booting worker with pid: 9
[2025-02-25 09:59:25 +0800] [8] [INFO] Worker exiting (pid: 8)
[2025-02-25 09:59:25 +0800] [1] [ERROR] Worker (pid:8) exited with code 4
[2025-02-25 09:59:25 +0800] [9] [INFO] Worker exiting (pid: 9)
[2025-02-25 09:59:25 +0800] [1] [ERROR] Worker (pid:9) exited with code 4
[2025-02-25 10:00:25 +0800] [1] [INFO] Starting gunicorn 23.0.0
[2025-02-25 10:00:25 +0800] [1] [INFO] Listening at: http://0.0.0.0:5000 (1)
[2025-02-25 10:00:25 +0800] [1] [INFO] Using worker: gthread
[2025-02-25 10:00:25 +0800] [8] [INFO] Booting worker with pid: 8
[2025-02-25 10:00:25 +0800] [9] [INFO] Booting worker with pid: 9
[2025-02-25 10:00:25 +0800] [10] [INFO] Booting worker with pid: 10
[2025-02-25 10:00:25 +0800] [11] [INFO] Booting worker with pid: 11
[2025-02-25 10:00:25 +0800] [8] [INFO] Worker exiting (pid: 8)
[2025-02-25 10:00:25 +0800] [1] [ERROR] Worker (pid:8) exited with code 4
[2025-02-25 10:00:25 +0800] [9] [INFO] Worker exiting (pid: 9)
[2025-02-25 10:00:25 +0800] [10] [INFO] Worker exiting (pid: 10)
[2025-02-25 10:00:25 +0800] [1] [ERROR] Worker (pid:9) exited with code 4
[2025-02-25 10:01:26 +0800] [1] [INFO] Starting gunicorn 23.0.0
[2025-02-25 10:01:26 +0800] [1] [INFO] Listening at: http://0.0.0.0:5000 (1)
[2025-02-25 10:01:26 +0800] [1] [INFO] Using worker: gthread
[2025-02-25 10:01:26 +0800] [8] [INFO] Booting worker with pid: 8
[2025-02-25 10:01:26 +0800] [9] [INFO] Booting worker with pid: 9
[2025-02-25 10:01:26 +0800] [10] [INFO] Booting worker with pid: 10
[2025-02-25 10:01:26 +0800] [8] [INFO] Worker exiting (pid: 8)
[2025-02-25 10:01:26 +0800] [1] [ERROR] Worker (pid:8) exited with code 4
[2025-02-25 10:01:26 +0800] [9] [INFO] Worker exiting (pid: 9)
[2025-02-25 10:01:26 +0800] [10] [INFO] Worker exiting (pid: 10)
[2025-02-25 10:01:26 +0800] [1] [ERROR] Worker (pid:9) exited with code 4
[2025-02-25 10:02:26 +0800] [1] [INFO] Starting gunicorn 23.0.0
[2025-02-25 10:02:26 +0800] [1] [INFO] Listening at: http://0.0.0.0:5000 (1)
[2025-02-25 10:02:26 +0800] [1] [INFO] Using worker: gthread
[2025-02-25 10:02:26 +0800] [8] [INFO] Booting worker with pid: 8
[2025-02-25 10:02:26 +0800] [9] [INFO] Booting worker with pid: 9
[2025-02-25 10:02:26 +0800] [10] [INFO] Booting worker with pid: 10
[2025-02-25 10:02:26 +0800] [11] [INFO] Booting worker with pid: 11
[2025-02-25 10:02:26 +0800] [8] [INFO] Worker exiting (pid: 8)
[2025-02-25 10:02:26 +0800] [1] [ERROR] Worker (pid:8) exited with code 4
[2025-02-25 10:02:26 +0800] [9] [INFO] Worker exiting (pid: 9)
[2025-02-25 10:02:26 +0800] [1] [ERROR] Worker (pid:9) exited with code 4
[2025-02-25 10:03:26 +0800] [1] [INFO] Starting gunicorn 23.0.0
[2025-02-25 10:03:26 +0800] [1] [INFO] Listening at: http://0.0.0.0:5000 (1)
[2025-02-25 10:03:26 +0800] [1] [INFO] Using worker: gthread
[2025-02-25 10:03:26 +0800] [8] [INFO] Booting worker with pid: 8
[2025-02-25 10:03:26 +0800] [9] [INFO] Booting worker with pid: 9
[2025-02-25 10:03:27 +0800] [10] [INFO] Booting worker with pid: 10
[2025-02-25 10:03:27 +0800] [8] [INFO] Worker exiting (pid: 8)
[2025-02-25 10:03:27 +0800] [9] [INFO] Worker exiting (pid: 9)
[2025-02-25 10:03:27 +0800] [1] [ERROR] Worker (pid:8) exited with code 4
[2025-02-25 10:03:27 +0800] [1] [ERROR] Worker (pid:9) was sent SIGTERM!
[2025-02-25 10:03:27 +0800] [10] [INFO] Worker exiting (pid: 10)
[2025-02-25 10:03:27 +0800] [1] [ERROR] Worker (pid:10) exited with code 4
[2025-02-25 10:04:27 +0800] [1] [INFO] Starting gunicorn 23.0.0
[2025-02-25 10:04:27 +0800] [1] [INFO] Listening at: http://0.0.0.0:5000 (1)
[2025-02-25 10:04:27 +0800] [1] [INFO] Using worker: gthread
[2025-02-25 10:04:27 +0800] [8] [INFO] Booting worker with pid: 8
[2025-02-25 10:04:27 +0800] [9] [INFO] Booting worker with pid: 9
[2025-02-25 10:04:27 +0800] [8] [INFO] Worker exiting (pid: 8)
[2025-02-25 10:04:27 +0800] [1] [ERROR] Worker (pid:8) exited with code 4
[2025-02-25 10:04:27 +0800] [9] [INFO] Worker exiting (pid: 9)
[2025-02-25 10:04:27 +0800] [1] [ERROR] Worker (pid:9) exited with code 4
[2025-02-25 10:05:27 +0800] [1] [INFO] Starting gunicorn 23.0.0
[2025-02-25 10:05:27 +0800] [1] [INFO] Listening at: http://0.0.0.0:5000 (1)
[2025-02-25 10:05:27 +0800] [1] [INFO] Using worker: gthread
[2025-02-25 10:05:27 +0800] [7] [INFO] Booting worker with pid: 7
[2025-02-25 10:05:27 +0800] [8] [INFO] Booting worker with pid: 8
[2025-02-25 10:05:27 +0800] [9] [INFO] Booting worker with pid: 9
[2025-02-25 10:05:28 +0800] [7] [INFO] Worker exiting (pid: 7)
[2025-02-25 10:05:28 +0800] [8] [INFO] Worker exiting (pid: 8)
[2025-02-25 10:05:28 +0800] [10] [INFO] Booting worker with pid: 10
[2025-02-25 10:05:28 +0800] [1] [ERROR] Worker (pid:7) exited with code 4
[2025-02-25 10:05:28 +0800] [1] [ERROR] Worker (pid:8) was sent SIGTERM!
[2025-02-25 10:05:28 +0800] [9] [INFO] Worker exiting (pid: 9)
[2025-02-25 10:05:28 +0800] [1] [ERROR] Worker (pid:9) exited with code 4
[2025-02-25 10:06:28 +0800] [1] [INFO] Starting gunicorn 23.0.0
[2025-02-25 10:06:28 +0800] [1] [INFO] Listening at: http://0.0.0.0:5000 (1)
[2025-02-25 10:06:28 +0800] [1] [INFO] Using worker: gthread
[2025-02-25 10:06:28 +0800] [8] [INFO] Booting worker with pid: 8
[2025-02-25 10:06:28 +0800] [9] [INFO] Booting worker with pid: 9
[2025-02-25 10:06:28 +0800] [10] [INFO] Booting worker with pid: 10
[2025-02-25 10:06:28 +0800] [8] [INFO] Worker exiting (pid: 8)
[2025-02-25 10:06:28 +0800] [11] [INFO] Booting worker with pid: 11
[2025-02-25 10:06:28 +0800] [9] [INFO] Worker exiting (pid: 9)
[2025-02-25 10:06:28 +0800] [1] [ERROR] Worker (pid:8) exited with code 4
[2025-02-25 10:06:28 +0800] [1] [ERROR] Worker (pid:9) was sent SIGTERM!
[2025-02-25 10:06:28 +0800] [10] [INFO] Worker exiting (pid: 10)
[2025-02-25 10:06:28 +0800] [11] [INFO] Worker exiting (pid: 11)
[2025-02-25 10:06:28 +0800] [1] [ERROR] Worker (pid:10) exited with code 4
[2025-02-25 10:07:28 +0800] [1] [INFO] Starting gunicorn 23.0.0
[2025-02-25 10:07:28 +0800] [1] [INFO] Listening at: http://0.0.0.0:5000 (1)
[2025-02-25 10:07:28 +0800] [1] [INFO] Using worker: gthread
[2025-02-25 10:07:28 +0800] [8] [INFO] Booting worker with pid: 8
[2025-02-25 10:07:28 +0800] [9] [INFO] Booting worker with pid: 9
[2025-02-25 10:07:28 +0800] [8] [INFO] Worker exiting (pid: 8)
[2025-02-25 10:07:29 +0800] [1] [ERROR] Worker (pid:8) exited with code 4
[2025-02-25 10:07:29 +0800] [9] [INFO] Worker exiting (pid: 9)
[2025-02-25 10:07:29 +0800] [1] [ERROR] Worker (pid:9) exited with code 4
[2025-02-25 10:08:57 +0800] [1] [INFO] Starting gunicorn 23.0.0
[2025-02-25 10:08:57 +0800] [1] [INFO] Listening at: http://0.0.0.0:5000 (1)
[2025-02-25 10:08:57 +0800] [1] [INFO] Using worker: gthread
[2025-02-25 10:08:57 +0800] [7] [INFO] Booting worker with pid: 7
[2025-02-25 10:08:57 +0800] [8] [INFO] Booting worker with pid: 8
[2025-02-25 10:08:57 +0800] [7] [INFO] Worker exiting (pid: 7)
[2025-02-25 10:08:57 +0800] [1] [ERROR] Worker (pid:7) exited with code 4
[2025-02-25 10:08:57 +0800] [8] [INFO] Worker exiting (pid: 8)
[2025-02-25 10:08:57 +0800] [1] [ERROR] Worker (pid:8) exited with code 4
[2025-02-25 10:22:28 +0800] [1] [INFO] Starting gunicorn 23.0.0
[2025-02-25 10:22:28 +0800] [1] [INFO] Listening at: http://0.0.0.0:5000 (1)
[2025-02-25 10:22:28 +0800] [1] [INFO] Using worker: gthread
[2025-02-25 10:22:28 +0800] [8] [INFO] Booting worker with pid: 8
[2025-02-25 10:22:28 +0800] [9] [INFO] Booting worker with pid: 9
[2025-02-25 10:22:28 +0800] [8] [INFO] Worker exiting (pid: 8)
[2025-02-25 10:22:28 +0800] [10] [INFO] Booting worker with pid: 10
[2025-02-25 10:22:28 +0800] [11] [INFO] Booting worker with pid: 11
[2025-02-25 10:22:28 +0800] [1] [ERROR] Worker (pid:8) exited with code 4
[2025-02-25 10:22:28 +0800] [9] [INFO] Worker exiting (pid: 9)
[2025-02-25 10:22:28 +0800] [1] [ERROR] Worker (pid:9) exited with code 4
[2025-02-25 10:22:28 +0800] [1] [INFO] Starting gunicorn 23.0.0
[2025-02-25 10:22:28 +0800] [1] [INFO] Listening at: http://0.0.0.0:5000 (1)
[2025-02-25 10:22:28 +0800] [1] [INFO] Using worker: gthread
[2025-02-25 10:22:28 +0800] [8] [INFO] Booting worker with pid: 8
[2025-02-25 10:22:28 +0800] [9] [INFO] Booting worker with pid: 9
[2025-02-25 10:22:28 +0800] [8] [INFO] Worker exiting (pid: 8)
[2025-02-25 10:22:28 +0800] [10] [INFO] Booting worker with pid: 10
[2025-02-25 10:22:28 +0800] [1] [ERROR] Worker (pid:8) exited with code 4
[2025-02-25 10:22:28 +0800] [9] [INFO] Worker exiting (pid: 9)
[2025-02-25 10:22:28 +0800] [1] [ERROR] Worker (pid:9) exited with code 4
[2025-02-25 10:22:29 +0800] [1] [INFO] Starting gunicorn 23.0.0
[2025-02-25 10:22:29 +0800] [1] [INFO] Listening at: http://0.0.0.0:5000 (1)
[2025-02-25 10:22:29 +0800] [1] [INFO] Using worker: gthread
[2025-02-25 10:22:29 +0800] [8] [INFO] Booting worker with pid: 8
[2025-02-25 10:22:29 +0800] [9] [INFO] Booting worker with pid: 9
[2025-02-25 10:22:29 +0800] [10] [INFO] Booting worker with pid: 10
[2025-02-25 10:22:29 +0800] [8] [INFO] Worker exiting (pid: 8)
[2025-02-25 10:22:29 +0800] [1] [ERROR] Worker (pid:8) exited with code 4
[2025-02-25 10:22:29 +0800] [9] [INFO] Worker exiting (pid: 9)
[2025-02-25 10:22:29 +0800] [10] [INFO] Worker exiting (pid: 10)
[2025-02-25 10:22:29 +0800] [1] [ERROR] Worker (pid:9) exited with code 4
[2025-02-25 10:22:30 +0800] [1] [INFO] Starting gunicorn 23.0.0
[2025-02-25 10:22:30 +0800] [1] [INFO] Listening at: http://0.0.0.0:5000 (1)
[2025-02-25 10:22:30 +0800] [1] [INFO] Using worker: gthread
[2025-02-25 10:22:30 +0800] [7] [INFO] Booting worker with pid: 7
[2025-02-25 10:22:30 +0800] [8] [INFO] Booting worker with pid: 8
[2025-02-25 10:22:30 +0800] [9] [INFO] Booting worker with pid: 9
[2025-02-25 10:22:30 +0800] [10] [INFO] Booting worker with pid: 10
[2025-02-25 10:22:30 +0800] [7] [INFO] Worker exiting (pid: 7)
[2025-02-25 10:22:30 +0800] [1] [ERROR] Worker (pid:7) exited with code 4
[2025-02-25 10:22:30 +0800] [8] [INFO] Worker exiting (pid: 8)
[2025-02-25 10:22:30 +0800] [9] [INFO] Worker exiting (pid: 9)
[2025-02-25 10:22:30 +0800] [1] [ERROR] Worker (pid:8) exited with code 4
[2025-02-25 10:22:30 +0800] [10] [INFO] Worker exiting (pid: 10)
[2025-02-25 10:22:31 +0800] [1] [INFO] Starting gunicorn 23.0.0
[2025-02-25 10:22:31 +0800] [1] [INFO] Listening at: http://0.0.0.0:5000 (1)
[2025-02-25 10:22:31 +0800] [1] [INFO] Using worker: gthread
[2025-02-25 10:22:31 +0800] [8] [INFO] Booting worker with pid: 8
[2025-02-25 10:22:31 +0800] [9] [INFO] Booting worker with pid: 9
[2025-02-25 10:22:31 +0800] [8] [INFO] Worker exiting (pid: 8)
[2025-02-25 10:22:31 +0800] [10] [INFO] Booting worker with pid: 10
[2025-02-25 10:22:31 +0800] [1] [ERROR] Worker (pid:8) exited with code 4
[2025-02-25 10:22:31 +0800] [9] [INFO] Worker exiting (pid: 9)
[2025-02-25 10:22:31 +0800] [1] [ERROR] Worker (pid:9) exited with code 4
[2025-02-25 10:22:31 +0800] [10] [INFO] Worker exiting (pid: 10)
[2025-02-25 10:22:33 +0800] [1] [INFO] Starting gunicorn 23.0.0
[2025-02-25 10:22:33 +0800] [1] [INFO] Listening at: http://0.0.0.0:5000 (1)
[2025-02-25 10:22:33 +0800] [1] [INFO] Using worker: gthread
[2025-02-25 10:22:33 +0800] [8] [INFO] Booting worker with pid: 8
[2025-02-25 10:22:33 +0800] [9] [INFO] Booting worker with pid: 9
[2025-02-25 10:22:33 +0800] [8] [INFO] Worker exiting (pid: 8)
[2025-02-25 10:22:33 +0800] [10] [INFO] Booting worker with pid: 10
[2025-02-25 10:22:33 +0800] [1] [ERROR] Worker (pid:8) exited with code 4
[2025-02-25 10:22:33 +0800] [9] [INFO] Worker exiting (pid: 9)
[2025-02-25 10:22:33 +0800] [1] [ERROR] Worker (pid:9) exited with code 4
[2025-02-25 10:22:37 +0800] [1] [INFO] Starting gunicorn 23.0.0
[2025-02-25 10:22:37 +0800] [1] [INFO] Listening at: http://0.0.0.0:5000 (1)
[2025-02-25 10:22:37 +0800] [1] [INFO] Using worker: gthread
[2025-02-25 10:22:37 +0800] [7] [INFO] Booting worker with pid: 7
[2025-02-25 10:22:37 +0800] [8] [INFO] Booting worker with pid: 8
[2025-02-25 10:22:37 +0800] [7] [INFO] Worker exiting (pid: 7)
[2025-02-25 10:22:37 +0800] [9] [INFO] Booting worker with pid: 9
[2025-02-25 10:22:37 +0800] [1] [ERROR] Worker (pid:7) exited with code 4
[2025-02-25 10:22:37 +0800] [8] [INFO] Worker exiting (pid: 8)
[2025-02-25 10:22:37 +0800] [1] [ERROR] Worker (pid:8) exited with code 4
[2025-02-25 10:22:44 +0800] [1] [INFO] Starting gunicorn 23.0.0
[2025-02-25 10:22:44 +0800] [1] [INFO] Listening at: http://0.0.0.0:5000 (1)
[2025-02-25 10:22:44 +0800] [1] [INFO] Using worker: gthread
[2025-02-25 10:22:44 +0800] [8] [INFO] Booting worker with pid: 8
[2025-02-25 10:22:44 +0800] [9] [INFO] Booting worker with pid: 9
[2025-02-25 10:22:44 +0800] [8] [INFO] Worker exiting (pid: 8)
[2025-02-25 10:22:44 +0800] [10] [INFO] Booting worker with pid: 10
[2025-02-25 10:22:44 +0800] [1] [ERROR] Worker (pid:8) exited with code 4
[2025-02-25 10:22:44 +0800] [9] [INFO] Worker exiting (pid: 9)
[2025-02-25 10:22:44 +0800] [1] [ERROR] Worker (pid:9) exited with code 4
[2025-02-25 10:22:44 +0800] [10] [INFO] Worker exiting (pid: 10)
[2025-02-25 10:22:57 +0800] [1] [INFO] Starting gunicorn 23.0.0
[2025-02-25 10:22:57 +0800] [1] [INFO] Listening at: http://0.0.0.0:5000 (1)
[2025-02-25 10:22:57 +0800] [1] [INFO] Using worker: gthread
[2025-02-25 10:22:57 +0800] [8] [INFO] Booting worker with pid: 8
[2025-02-25 10:22:57 +0800] [9] [INFO] Booting worker with pid: 9
[2025-02-25 10:22:57 +0800] [10] [INFO] Booting worker with pid: 10
[2025-02-25 10:22:57 +0800] [8] [INFO] Worker exiting (pid: 8)
[2025-02-25 10:22:57 +0800] [1] [ERROR] Worker (pid:8) exited with code 4
[2025-02-25 10:22:57 +0800] [9] [INFO] Worker exiting (pid: 9)
[2025-02-25 10:22:57 +0800] [1] [ERROR] Worker (pid:9) exited with code 4
[2025-02-25 10:22:57 +0800] [10] [INFO] Worker exiting (pid: 10)
[2025-02-25 10:23:23 +0800] [1] [INFO] Starting gunicorn 23.0.0
[2025-02-25 10:23:23 +0800] [1] [INFO] Listening at: http://0.0.0.0:5000 (1)
[2025-02-25 10:23:23 +0800] [1] [INFO] Using worker: gthread
[2025-02-25 10:23:23 +0800] [7] [INFO] Booting worker with pid: 7
[2025-02-25 10:23:23 +0800] [8] [INFO] Booting worker with pid: 8
[2025-02-25 10:23:23 +0800] [9] [INFO] Booting worker with pid: 9
[2025-02-25 10:23:23 +0800] [10] [INFO] Booting worker with pid: 10
[2025-02-25 10:23:23 +0800] [7] [INFO] Worker exiting (pid: 7)
[2025-02-25 10:23:23 +0800] [1] [ERROR] Worker (pid:7) exited with code 4
[2025-02-25 10:23:23 +0800] [8] [INFO] Worker exiting (pid: 8)
[2025-02-25 10:23:23 +0800] [9] [INFO] Worker exiting (pid: 9)
[2025-02-25 10:23:23 +0800] [1] [ERROR] Worker (pid:8) exited with code 4
[2025-02-25 10:23:23 +0800] [10] [INFO] Worker exiting (pid: 10)
[2025-02-25 10:24:15 +0800] [1] [INFO] Starting gunicorn 23.0.0
[2025-02-25 10:24:15 +0800] [1] [INFO] Listening at: http://0.0.0.0:5000 (1)
[2025-02-25 10:24:15 +0800] [1] [INFO] Using worker: gthread
[2025-02-25 10:24:15 +0800] [8] [INFO] Booting worker with pid: 8
[2025-02-25 10:24:15 +0800] [9] [INFO] Booting worker with pid: 9
[2025-02-25 10:24:15 +0800] [10] [INFO] Booting worker with pid: 10
[2025-02-25 10:24:15 +0800] [9] [INFO] Worker exiting (pid: 9)
[2025-02-25 10:24:15 +0800] [8] [INFO] Worker exiting (pid: 8)
[2025-02-25 10:24:15 +0800] [11] [INFO] Booting worker with pid: 11
[2025-02-25 10:24:15 +0800] [1] [ERROR] Worker (pid:8) exited with code 4
[2025-02-25 10:24:15 +0800] [1] [ERROR] Worker (pid:9) was sent SIGTERM!
[2025-02-25 10:24:15 +0800] [10] [INFO] Worker exiting (pid: 10)
[2025-02-25 10:24:15 +0800] [1] [ERROR] Worker (pid:10) exited with code 4
[2025-02-25 10:25:15 +0800] [1] [INFO] Starting gunicorn 23.0.0
[2025-02-25 10:25:15 +0800] [1] [INFO] Listening at: http://0.0.0.0:5000 (1)
[2025-02-25 10:25:15 +0800] [1] [INFO] Using worker: gthread
[2025-02-25 10:25:15 +0800] [8] [INFO] Booting worker with pid: 8
[2025-02-25 10:25:15 +0800] [9] [INFO] Booting worker with pid: 9
[2025-02-25 10:25:15 +0800] [10] [INFO] Booting worker with pid: 10
[2025-02-25 10:25:15 +0800] [8] [INFO] Worker exiting (pid: 8)
[2025-02-25 10:25:15 +0800] [11] [INFO] Booting worker with pid: 11
[2025-02-25 10:25:15 +0800] [1] [ERROR] Worker (pid:8) exited with code 4
[2025-02-25 10:25:15 +0800] [9] [INFO] Worker exiting (pid: 9)
[2025-02-25 10:25:15 +0800] [10] [INFO] Worker exiting (pid: 10)
[2025-02-25 10:25:15 +0800] [1] [ERROR] Worker (pid:9) exited with code 4
[2025-02-25 10:26:16 +0800] [1] [INFO] Starting gunicorn 23.0.0
[2025-02-25 10:26:16 +0800] [1] [INFO] Listening at: http://0.0.0.0:5000 (1)
[2025-02-25 10:26:16 +0800] [1] [INFO] Using worker: gthread
[2025-02-25 10:26:16 +0800] [8] [INFO] Booting worker with pid: 8
[2025-02-25 10:26:16 +0800] [9] [INFO] Booting worker with pid: 9
[2025-02-25 10:26:16 +0800] [10] [INFO] Booting worker with pid: 10
[2025-02-25 10:26:16 +0800] [11] [INFO] Booting worker with pid: 11
[2025-02-25 10:26:16 +0800] [8] [INFO] Worker exiting (pid: 8)
[2025-02-25 10:26:16 +0800] [1] [ERROR] Worker (pid:8) exited with code 4
[2025-02-25 10:26:16 +0800] [9] [INFO] Worker exiting (pid: 9)
[2025-02-25 10:26:16 +0800] [10] [INFO] Worker exiting (pid: 10)
[2025-02-25 10:26:16 +0800] [1] [ERROR] Worker (pid:9) exited with code 4
[2025-02-25 10:27:45 +0800] [1] [INFO] Starting gunicorn 23.0.0
[2025-02-25 10:27:45 +0800] [1] [INFO] Listening at: http://0.0.0.0:5000 (1)
[2025-02-25 10:27:45 +0800] [1] [INFO] Using worker: gthread
[2025-02-25 10:27:45 +0800] [8] [INFO] Booting worker with pid: 8
[2025-02-25 10:27:45 +0800] [9] [INFO] Booting worker with pid: 9
[2025-02-25 10:27:45 +0800] [8] [INFO] Worker exiting (pid: 8)
[2025-02-25 10:27:45 +0800] [10] [INFO] Booting worker with pid: 10
[2025-02-25 10:27:45 +0800] [1] [ERROR] Worker (pid:8) exited with code 4
[2025-02-25 10:27:45 +0800] [9] [INFO] Worker exiting (pid: 9)
[2025-02-25 10:27:45 +0800] [1] [ERROR] Worker (pid:9) exited with code 4
[2025-02-25 10:29:06 +0800] [1] [INFO] Starting gunicorn 23.0.0
[2025-02-25 10:29:06 +0800] [1] [INFO] Listening at: http://0.0.0.0:5000 (1)
[2025-02-25 10:29:06 +0800] [1] [INFO] Using worker: gthread
[2025-02-25 10:29:06 +0800] [7] [INFO] Booting worker with pid: 7
[2025-02-25 10:29:06 +0800] [8] [INFO] Booting worker with pid: 8
[2025-02-25 10:29:07 +0800] [9] [INFO] Booting worker with pid: 9
[2025-02-25 10:29:07 +0800] [7] [INFO] Worker exiting (pid: 7)
[2025-02-25 10:29:07 +0800] [10] [INFO] Booting worker with pid: 10
[2025-02-25 10:29:07 +0800] [8] [INFO] Worker exiting (pid: 8)
[2025-02-25 10:29:07 +0800] [1] [ERROR] Worker (pid:7) exited with code 4
[2025-02-25 10:29:07 +0800] [1] [ERROR] Worker (pid:8) was sent SIGTERM!
[2025-02-25 10:29:07 +0800] [9] [INFO] Worker exiting (pid: 9)
[2025-02-25 10:29:07 +0800] [10] [INFO] Worker exiting (pid: 10)
[2025-02-25 10:29:07 +0800] [1] [ERROR] Worker (pid:9) exited with code 4
[2025-02-25 10:30:07 +0800] [1] [INFO] Starting gunicorn 23.0.0
[2025-02-25 10:30:07 +0800] [1] [INFO] Listening at: http://0.0.0.0:5000 (1)
[2025-02-25 10:30:07 +0800] [1] [INFO] Using worker: gthread
[2025-02-25 10:30:07 +0800] [8] [INFO] Booting worker with pid: 8
[2025-02-25 10:30:07 +0800] [9] [INFO] Booting worker with pid: 9
[2025-02-25 10:30:07 +0800] [8] [INFO] Worker exiting (pid: 8)
[2025-02-25 10:30:07 +0800] [10] [INFO] Booting worker with pid: 10
[2025-02-25 10:30:07 +0800] [1] [ERROR] Worker (pid:8) exited with code 4
[2025-02-25 10:30:07 +0800] [9] [INFO] Worker exiting (pid: 9)
[2025-02-25 10:30:07 +0800] [1] [ERROR] Worker (pid:9) exited with code 4
[2025-02-25 10:31:07 +0800] [1] [INFO] Starting gunicorn 23.0.0
[2025-02-25 10:31:07 +0800] [1] [INFO] Listening at: http://0.0.0.0:5000 (1)
[2025-02-25 10:31:07 +0800] [1] [INFO] Using worker: gthread
[2025-02-25 10:31:07 +0800] [8] [INFO] Booting worker with pid: 8
[2025-02-25 10:31:07 +0800] [9] [INFO] Booting worker with pid: 9
[2025-02-25 10:31:07 +0800] [8] [INFO] Worker exiting (pid: 8)
[2025-02-25 10:31:08 +0800] [10] [INFO] Booting worker with pid: 10
[2025-02-25 10:31:08 +0800] [1] [ERROR] Worker (pid:8) exited with code 4
[2025-02-25 10:31:08 +0800] [9] [INFO] Worker exiting (pid: 9)
[2025-02-25 10:31:08 +0800] [1] [ERROR] Worker (pid:9) exited with code 4
[2025-02-25 10:32:08 +0800] [1] [INFO] Starting gunicorn 23.0.0
[2025-02-25 10:32:08 +0800] [1] [INFO] Listening at: http://0.0.0.0:5000 (1)
[2025-02-25 10:32:08 +0800] [1] [INFO] Using worker: gthread
[2025-02-25 10:32:08 +0800] [8] [INFO] Booting worker with pid: 8
[2025-02-25 10:32:08 +0800] [9] [INFO] Booting worker with pid: 9
[2025-02-25 10:32:08 +0800] [10] [INFO] Booting worker with pid: 10
[2025-02-25 10:32:08 +0800] [11] [INFO] Booting worker with pid: 11
[2025-02-25 10:32:08 +0800] [8] [INFO] Worker exiting (pid: 8)
[2025-02-25 10:32:08 +0800] [1] [ERROR] Worker (pid:8) exited with code 4
[2025-02-25 10:32:08 +0800] [9] [INFO] Worker exiting (pid: 9)
[2025-02-25 10:32:08 +0800] [10] [INFO] Worker exiting (pid: 10)
[2025-02-25 10:32:08 +0800] [1] [ERROR] Worker (pid:9) exited with code 4
[2025-02-25 10:33:08 +0800] [1] [INFO] Starting gunicorn 23.0.0
[2025-02-25 10:33:08 +0800] [1] [INFO] Listening at: http://0.0.0.0:5000 (1)
[2025-02-25 10:33:08 +0800] [1] [INFO] Using worker: gthread
[2025-02-25 10:33:08 +0800] [8] [INFO] Booting worker with pid: 8
[2025-02-25 10:33:08 +0800] [9] [INFO] Booting worker with pid: 9
[2025-02-25 10:33:08 +0800] [10] [INFO] Booting worker with pid: 10
[2025-02-25 10:33:08 +0800] [8] [INFO] Worker exiting (pid: 8)
[2025-02-25 10:33:08 +0800] [1] [ERROR] Worker (pid:8) exited with code 4
[2025-02-25 10:33:08 +0800] [9] [INFO] Worker exiting (pid: 9)
[2025-02-25 10:33:08 +0800] [1] [ERROR] Worker (pid:9) exited with code 4
[2025-02-25 10:33:08 +0800] [10] [INFO] Worker exiting (pid: 10)
[2025-02-25 10:34:09 +0800] [1] [INFO] Starting gunicorn 23.0.0
[2025-02-25 10:34:09 +0800] [1] [INFO] Listening at: http://0.0.0.0:5000 (1)
[2025-02-25 10:34:09 +0800] [1] [INFO] Using worker: gthread
[2025-02-25 10:34:09 +0800] [8] [INFO] Booting worker with pid: 8
[2025-02-25 10:34:09 +0800] [9] [INFO] Booting worker with pid: 9
[2025-02-25 10:34:09 +0800] [8] [INFO] Worker exiting (pid: 8)
[2025-02-25 10:34:09 +0800] [10] [INFO] Booting worker with pid: 10
[2025-02-25 10:34:09 +0800] [1] [ERROR] Worker (pid:8) exited with code 4
[2025-02-25 10:34:09 +0800] [9] [INFO] Worker exiting (pid: 9)
[2025-02-25 10:34:09 +0800] [1] [ERROR] Worker (pid:9) exited with code 4
[2025-02-25 10:35:09 +0800] [1] [INFO] Starting gunicorn 23.0.0
[2025-02-25 10:35:09 +0800] [1] [INFO] Listening at: http://0.0.0.0:5000 (1)
[2025-02-25 10:35:09 +0800] [1] [INFO] Using worker: gthread
[2025-02-25 10:35:09 +0800] [8] [INFO] Booting worker with pid: 8
[2025-02-25 10:35:09 +0800] [9] [INFO] Booting worker with pid: 9
[2025-02-25 10:35:09 +0800] [10] [INFO] Booting worker with pid: 10
[2025-02-25 10:35:09 +0800] [11] [INFO] Booting worker with pid: 11
[2025-02-25 10:35:09 +0800] [8] [INFO] Worker exiting (pid: 8)
[2025-02-25 10:35:09 +0800] [1] [ERROR] Worker (pid:8) exited with code 4
[2025-02-25 10:35:09 +0800] [9] [INFO] Worker exiting (pid: 9)
[2025-02-25 10:35:09 +0800] [1] [ERROR] Worker (pid:9) exited with code 4
[2025-02-25 10:36:10 +0800] [1] [INFO] Starting gunicorn 23.0.0
[2025-02-25 10:36:10 +0800] [1] [INFO] Listening at: http://0.0.0.0:5000 (1)
[2025-02-25 10:36:10 +0800] [1] [INFO] Using worker: gthread
[2025-02-25 10:36:10 +0800] [8] [INFO] Booting worker with pid: 8
[2025-02-25 10:36:10 +0800] [9] [INFO] Booting worker with pid: 9
[2025-02-25 10:36:10 +0800] [10] [INFO] Booting worker with pid: 10
[2025-02-25 10:36:10 +0800] [8] [INFO] Worker exiting (pid: 8)
[2025-02-25 10:36:10 +0800] [9] [INFO] Worker exiting (pid: 9)
[2025-02-25 10:36:10 +0800] [1] [ERROR] Worker (pid:8) exited with code 4
[2025-02-25 10:36:10 +0800] [1] [ERROR] Worker (pid:9) was sent SIGTERM!
[2025-02-25 10:36:10 +0800] [10] [INFO] Worker exiting (pid: 10)
[2025-02-25 10:36:10 +0800] [1] [ERROR] Worker (pid:10) exited with code 4
[2025-02-25 10:37:10 +0800] [1] [INFO] Starting gunicorn 23.0.0
[2025-02-25 10:37:10 +0800] [1] [INFO] Listening at: http://0.0.0.0:5000 (1)
[2025-02-25 10:37:10 +0800] [1] [INFO] Using worker: gthread
[2025-02-25 10:37:10 +0800] [8] [INFO] Booting worker with pid: 8
[2025-02-25 10:37:10 +0800] [9] [INFO] Booting worker with pid: 9
[2025-02-25 10:37:10 +0800] [8] [INFO] Worker exiting (pid: 8)
[2025-02-25 10:37:10 +0800] [10] [INFO] Booting worker with pid: 10
[2025-02-25 10:37:10 +0800] [9] [INFO] Worker exiting (pid: 9)
[2025-02-25 10:37:10 +0800] [1] [ERROR] Worker (pid:8) exited with code 4
[2025-02-25 10:37:10 +0800] [1] [ERROR] Worker (pid:9) was sent SIGTERM!
[2025-02-25 10:37:10 +0800] [10] [INFO] Worker exiting (pid: 10)
[2025-02-25 10:37:10 +0800] [1] [ERROR] Worker (pid:10) exited with code 4
[2025-02-25 10:38:11 +0800] [1] [INFO] Starting gunicorn 23.0.0
[2025-02-25 10:38:11 +0800] [1] [INFO] Listening at: http://0.0.0.0:5000 (1)
[2025-02-25 10:38:11 +0800] [1] [INFO] Using worker: gthread
[2025-02-25 10:38:11 +0800] [8] [INFO] Booting worker with pid: 8
[2025-02-25 10:38:11 +0800] [9] [INFO] Booting worker with pid: 9
[2025-02-25 10:38:11 +0800] [8] [INFO] Worker exiting (pid: 8)
[2025-02-25 10:38:11 +0800] [10] [INFO] Booting worker with pid: 10
[2025-02-25 10:38:11 +0800] [1] [ERROR] Worker (pid:8) exited with code 4
[2025-02-25 10:38:11 +0800] [9] [INFO] Worker exiting (pid: 9)
[2025-02-25 10:38:11 +0800] [1] [ERROR] Worker (pid:9) exited with code 4
[2025-02-25 10:39:11 +0800] [1] [INFO] Starting gunicorn 23.0.0
[2025-02-25 10:39:11 +0800] [1] [INFO] Listening at: http://0.0.0.0:5000 (1)
[2025-02-25 10:39:11 +0800] [1] [INFO] Using worker: gthread
[2025-02-25 10:39:11 +0800] [8] [INFO] Booting worker with pid: 8
[2025-02-25 10:39:11 +0800] [9] [INFO] Booting worker with pid: 9
[2025-02-25 10:39:11 +0800] [8] [INFO] Worker exiting (pid: 8)
[2025-02-25 10:39:11 +0800] [1] [ERROR] Worker (pid:8) exited with code 4
[2025-02-25 10:39:11 +0800] [9] [INFO] Worker exiting (pid: 9)
[2025-02-25 10:39:11 +0800] [1] [ERROR] Worker (pid:9) exited with code 4
[2025-02-25 10:40:40 +0800] [1] [INFO] Starting gunicorn 23.0.0
[2025-02-25 10:40:40 +0800] [1] [INFO] Listening at: http://0.0.0.0:5000 (1)
[2025-02-25 10:40:40 +0800] [1] [INFO] Using worker: gthread
[2025-02-25 10:40:40 +0800] [8] [INFO] Booting worker with pid: 8
[2025-02-25 10:40:40 +0800] [9] [INFO] Booting worker with pid: 9
[2025-02-25 10:40:40 +0800] [8] [INFO] Worker exiting (pid: 8)
[2025-02-25 10:40:40 +0800] [10] [INFO] Booting worker with pid: 10
[2025-02-25 10:40:40 +0800] [1] [ERROR] Worker (pid:8) exited with code 4
[2025-02-25 10:40:40 +0800] [9] [INFO] Worker exiting (pid: 9)
[2025-02-25 10:40:40 +0800] [1] [ERROR] Worker (pid:9) exited with code 4
[2025-02-25 10:57:55 +0800] [1] [INFO] Starting gunicorn 23.0.0
[2025-02-25 10:57:55 +0800] [1] [INFO] Listening at: http://0.0.0.0:5000 (1)
[2025-02-25 10:57:55 +0800] [1] [INFO] Using worker: gthread
[2025-02-25 10:57:55 +0800] [8] [INFO] Booting worker with pid: 8
[2025-02-25 10:57:55 +0800] [9] [INFO] Booting worker with pid: 9
[2025-02-25 10:57:55 +0800] [10] [INFO] Booting worker with pid: 10
[2025-02-25 10:57:55 +0800] [11] [INFO] Booting worker with pid: 11
[2025-02-25 10:57:55 +0800] [8] [INFO] Worker exiting (pid: 8)
[2025-02-25 10:57:55 +0800] [9] [INFO] Worker exiting (pid: 9)
[2025-02-25 10:57:55 +0800] [1] [ERROR] Worker (pid:8) exited with code 4
[2025-02-25 10:57:55 +0800] [1] [ERROR] Worker (pid:9) was sent SIGTERM!
[2025-02-25 10:57:55 +0800] [10] [INFO] Worker exiting (pid: 10)
[2025-02-25 10:57:55 +0800] [1] [ERROR] Worker (pid:10) exited with code 4
[2025-02-25 10:58:56 +0800] [1] [INFO] Starting gunicorn 23.0.0
[2025-02-25 10:58:56 +0800] [1] [INFO] Listening at: http://0.0.0.0:5000 (1)
[2025-02-25 10:58:56 +0800] [1] [INFO] Using worker: gthread
[2025-02-25 10:58:56 +0800] [8] [INFO] Booting worker with pid: 8
[2025-02-25 10:58:56 +0800] [9] [INFO] Booting worker with pid: 9
[2025-02-25 10:58:56 +0800] [10] [INFO] Booting worker with pid: 10
[2025-02-25 10:58:56 +0800] [11] [INFO] Booting worker with pid: 11
[2025-02-25 10:58:56 +0800] [8] [INFO] Worker exiting (pid: 8)
[2025-02-25 10:58:56 +0800] [9] [INFO] Worker exiting (pid: 9)
[2025-02-25 10:58:56 +0800] [1] [ERROR] Worker (pid:8) exited with code 4
[2025-02-25 10:58:56 +0800] [1] [ERROR] Worker (pid:9) was sent SIGTERM!
[2025-02-25 10:58:56 +0800] [10] [INFO] Worker exiting (pid: 10)
[2025-02-25 10:58:56 +0800] [1] [ERROR] Worker (pid:10) exited with code 4
[2025-02-25 10:59:56 +0800] [1] [INFO] Starting gunicorn 23.0.0
[2025-02-25 10:59:56 +0800] [1] [INFO] Listening at: http://0.0.0.0:5000 (1)
[2025-02-25 10:59:56 +0800] [1] [INFO] Using worker: gthread
[2025-02-25 10:59:56 +0800] [8] [INFO] Booting worker with pid: 8
[2025-02-25 10:59:56 +0800] [9] [INFO] Booting worker with pid: 9
[2025-02-25 10:59:56 +0800] [8] [INFO] Worker exiting (pid: 8)
[2025-02-25 10:59:56 +0800] [1] [ERROR] Worker (pid:8) exited with code 4
[2025-02-25 10:59:56 +0800] [9] [INFO] Worker exiting (pid: 9)
[2025-02-25 10:59:56 +0800] [1] [ERROR] Worker (pid:9) exited with code 4
[2025-02-25 11:00:57 +0800] [1] [INFO] Starting gunicorn 23.0.0
[2025-02-25 11:00:57 +0800] [1] [INFO] Listening at: http://0.0.0.0:5000 (1)
[2025-02-25 11:00:57 +0800] [1] [INFO] Using worker: gthread
[2025-02-25 11:00:57 +0800] [8] [INFO] Booting worker with pid: 8
[2025-02-25 11:00:57 +0800] [9] [INFO] Booting worker with pid: 9
[2025-02-25 11:00:57 +0800] [10] [INFO] Booting worker with pid: 10
[2025-02-25 11:00:57 +0800] [11] [INFO] Booting worker with pid: 11
[2025-02-25 11:00:57 +0800] [8] [INFO] Worker exiting (pid: 8)
[2025-02-25 11:00:57 +0800] [1] [ERROR] Worker (pid:8) exited with code 4
[2025-02-25 11:00:57 +0800] [9] [INFO] Worker exiting (pid: 9)
[2025-02-25 11:00:57 +0800] [10] [INFO] Worker exiting (pid: 10)
[2025-02-25 11:00:57 +0800] [1] [ERROR] Worker (pid:9) exited with code 4
[2025-02-25 11:01:57 +0800] [1] [INFO] Starting gunicorn 23.0.0
[2025-02-25 11:01:57 +0800] [1] [INFO] Listening at: http://0.0.0.0:5000 (1)
[2025-02-25 11:01:57 +0800] [1] [INFO] Using worker: gthread
[2025-02-25 11:01:57 +0800] [7] [INFO] Booting worker with pid: 7
[2025-02-25 11:01:57 +0800] [8] [INFO] Booting worker with pid: 8
[2025-02-25 11:01:57 +0800] [9] [INFO] Booting worker with pid: 9
[2025-02-25 11:01:57 +0800] [7] [INFO] Worker exiting (pid: 7)
[2025-02-25 11:01:57 +0800] [10] [INFO] Booting worker with pid: 10
[2025-02-25 11:01:57 +0800] [8] [INFO] Worker exiting (pid: 8)
[2025-02-25 11:01:57 +0800] [1] [ERROR] Worker (pid:7) exited with code 4
[2025-02-25 11:01:57 +0800] [1] [ERROR] Worker (pid:8) was sent SIGTERM!
[2025-02-25 11:01:57 +0800] [9] [INFO] Worker exiting (pid: 9)
[2025-02-25 11:01:57 +0800] [1] [ERROR] Worker (pid:9) exited with code 4
[2025-02-25 11:02:57 +0800] [1] [INFO] Starting gunicorn 23.0.0
[2025-02-25 11:02:57 +0800] [1] [INFO] Listening at: http://0.0.0.0:5000 (1)
[2025-02-25 11:02:57 +0800] [1] [INFO] Using worker: gthread
[2025-02-25 11:02:57 +0800] [8] [INFO] Booting worker with pid: 8
[2025-02-25 11:02:58 +0800] [9] [INFO] Booting worker with pid: 9
[2025-02-25 11:02:58 +0800] [10] [INFO] Booting worker with pid: 10
[2025-02-25 11:02:58 +0800] [11] [INFO] Booting worker with pid: 11
[2025-02-25 11:02:58 +0800] [8] [INFO] Worker exiting (pid: 8)
[2025-02-25 11:02:58 +0800] [1] [ERROR] Worker (pid:8) exited with code 4
[2025-02-25 11:02:58 +0800] [10] [INFO] Worker exiting (pid: 10)
[2025-02-25 11:02:58 +0800] [9] [INFO] Worker exiting (pid: 9)
[2025-02-25 11:02:58 +0800] [1] [ERROR] Worker (pid:9) exited with code 4
[2025-02-25 11:03:58 +0800] [1] [INFO] Starting gunicorn 23.0.0
[2025-02-25 11:03:58 +0800] [1] [INFO] Listening at: http://0.0.0.0:5000 (1)
[2025-02-25 11:03:58 +0800] [1] [INFO] Using worker: gthread
[2025-02-25 11:03:58 +0800] [8] [INFO] Booting worker with pid: 8
[2025-02-25 11:03:58 +0800] [9] [INFO] Booting worker with pid: 9
[2025-02-25 11:03:58 +0800] [8] [INFO] Worker exiting (pid: 8)
[2025-02-25 11:03:58 +0800] [10] [INFO] Booting worker with pid: 10
[2025-02-25 11:03:58 +0800] [1] [ERROR] Worker (pid:8) exited with code 4
[2025-02-25 11:03:58 +0800] [9] [INFO] Worker exiting (pid: 9)
[2025-02-25 11:03:58 +0800] [1] [ERROR] Worker (pid:9) exited with code 4
[2025-02-25 11:04:58 +0800] [1] [INFO] Starting gunicorn 23.0.0
[2025-02-25 11:04:58 +0800] [1] [INFO] Listening at: http://0.0.0.0:5000 (1)
[2025-02-25 11:04:58 +0800] [1] [INFO] Using worker: gthread
[2025-02-25 11:04:58 +0800] [8] [INFO] Booting worker with pid: 8
[2025-02-25 11:04:58 +0800] [9] [INFO] Booting worker with pid: 9
[2025-02-25 11:04:58 +0800] [8] [INFO] Worker exiting (pid: 8)
[2025-02-25 11:04:59 +0800] [1] [ERROR] Worker (pid:8) exited with code 4
[2025-02-25 11:04:59 +0800] [9] [INFO] Worker exiting (pid: 9)
[2025-02-25 11:04:59 +0800] [1] [ERROR] Worker (pid:9) exited with code 4
[2025-02-25 11:05:59 +0800] [1] [INFO] Starting gunicorn 23.0.0
[2025-02-25 11:05:59 +0800] [1] [INFO] Listening at: http://0.0.0.0:5000 (1)
[2025-02-25 11:05:59 +0800] [1] [INFO] Using worker: gthread
[2025-02-25 11:05:59 +0800] [7] [INFO] Booting worker with pid: 7
[2025-02-25 11:05:59 +0800] [8] [INFO] Booting worker with pid: 8
[2025-02-25 11:05:59 +0800] [7] [INFO] Worker exiting (pid: 7)
[2025-02-25 11:05:59 +0800] [9] [INFO] Booting worker with pid: 9
[2025-02-25 11:05:59 +0800] [1] [ERROR] Worker (pid:7) exited with code 4
[2025-02-25 11:05:59 +0800] [8] [INFO] Worker exiting (pid: 8)
[2025-02-25 11:05:59 +0800] [9] [INFO] Worker exiting (pid: 9)
[2025-02-25 11:05:59 +0800] [1] [ERROR] Worker (pid:8) exited with code 4
[2025-02-25 11:06:59 +0800] [1] [INFO] Starting gunicorn 23.0.0
[2025-02-25 11:06:59 +0800] [1] [INFO] Listening at: http://0.0.0.0:5000 (1)
[2025-02-25 11:06:59 +0800] [1] [INFO] Using worker: gthread
[2025-02-25 11:06:59 +0800] [8] [INFO] Booting worker with pid: 8
[2025-02-25 11:06:59 +0800] [9] [INFO] Booting worker with pid: 9
[2025-02-25 11:06:59 +0800] [8] [INFO] Worker exiting (pid: 8)
[2025-02-25 11:06:59 +0800] [1] [ERROR] Worker (pid:8) exited with code 4
[2025-02-25 11:07:00 +0800] [9] [INFO] Worker exiting (pid: 9)
[2025-02-25 11:07:00 +0800] [1] [ERROR] Worker (pid:9) exited with code 4
[2025-02-25 11:08:00 +0800] [1] [INFO] Starting gunicorn 23.0.0
[2025-02-25 11:08:00 +0800] [1] [INFO] Listening at: http://0.0.0.0:5000 (1)
[2025-02-25 11:08:00 +0800] [1] [INFO] Using worker: gthread
[2025-02-25 11:08:00 +0800] [8] [INFO] Booting worker with pid: 8
[2025-02-25 11:08:00 +0800] [9] [INFO] Booting worker with pid: 9
[2025-02-25 11:08:00 +0800] [10] [INFO] Booting worker with pid: 10
[2025-02-25 11:08:00 +0800] [8] [INFO] Worker exiting (pid: 8)
[2025-02-25 11:08:00 +0800] [11] [INFO] Booting worker with pid: 11
[2025-02-25 11:08:00 +0800] [1] [ERROR] Worker (pid:8) exited with code 4
[2025-02-25 11:08:00 +0800] [9] [INFO] Worker exiting (pid: 9)
[2025-02-25 11:08:00 +0800] [1] [ERROR] Worker (pid:9) exited with code 4
[2025-02-25 11:08:00 +0800] [10] [INFO] Worker exiting (pid: 10)
[2025-02-25 11:09:00 +0800] [1] [INFO] Starting gunicorn 23.0.0
[2025-02-25 11:09:00 +0800] [1] [INFO] Listening at: http://0.0.0.0:5000 (1)
[2025-02-25 11:09:00 +0800] [1] [INFO] Using worker: gthread
[2025-02-25 11:09:00 +0800] [8] [INFO] Booting worker with pid: 8
[2025-02-25 11:09:00 +0800] [9] [INFO] Booting worker with pid: 9
[2025-02-25 11:09:00 +0800] [10] [INFO] Booting worker with pid: 10
[2025-02-25 11:09:00 +0800] [8] [INFO] Worker exiting (pid: 8)
[2025-02-25 11:09:00 +0800] [9] [INFO] Worker exiting (pid: 9)
[2025-02-25 11:09:00 +0800] [1] [ERROR] Worker (pid:8) exited with code 4
[2025-02-25 11:09:00 +0800] [1] [ERROR] Worker (pid:9) was sent SIGTERM!
[2025-02-25 11:09:00 +0800] [10] [INFO] Worker exiting (pid: 10)
[2025-02-25 11:09:00 +0800] [1] [ERROR] Worker (pid:10) exited with code 4
[2025-02-25 11:12:17 +0800] [1] [INFO] Starting gunicorn 23.0.0
[2025-02-25 11:12:17 +0800] [1] [INFO] Listening at: http://0.0.0.0:5000 (1)
[2025-02-25 11:12:17 +0800] [1] [INFO] Using worker: gthread
[2025-02-25 11:12:17 +0800] [7] [INFO] Booting worker with pid: 7
[2025-02-25 11:12:17 +0800] [8] [INFO] Booting worker with pid: 8
[2025-02-25 11:12:17 +0800] [9] [INFO] Booting worker with pid: 9
[2025-02-25 11:12:17 +0800] [7] [INFO] Worker exiting (pid: 7)
[2025-02-25 11:12:17 +0800] [1] [ERROR] Worker (pid:7) exited with code 4
[2025-02-25 11:12:17 +0800] [8] [INFO] Worker exiting (pid: 8)
[2025-02-25 11:12:17 +0800] [9] [INFO] Worker exiting (pid: 9)
[2025-02-25 11:12:17 +0800] [1] [ERROR] Worker (pid:8) exited with code 4
[2025-02-25 11:13:17 +0800] [1] [INFO] Starting gunicorn 23.0.0
[2025-02-25 11:13:17 +0800] [1] [INFO] Listening at: http://0.0.0.0:5000 (1)
[2025-02-25 11:13:17 +0800] [1] [INFO] Using worker: gthread
[2025-02-25 11:13:17 +0800] [7] [INFO] Booting worker with pid: 7
[2025-02-25 11:13:17 +0800] [8] [INFO] Booting worker with pid: 8
[2025-02-25 11:13:17 +0800] [9] [INFO] Booting worker with pid: 9
[2025-02-25 11:13:17 +0800] [7] [INFO] Worker exiting (pid: 7)
[2025-02-25 11:13:17 +0800] [10] [INFO] Booting worker with pid: 10
[2025-02-25 11:13:17 +0800] [8] [INFO] Worker exiting (pid: 8)
[2025-02-25 11:13:17 +0800] [1] [ERROR] Worker (pid:7) exited with code 4
[2025-02-25 11:13:17 +0800] [1] [ERROR] Worker (pid:8) was sent SIGTERM!
[2025-02-25 11:13:18 +0800] [9] [INFO] Worker exiting (pid: 9)
[2025-02-25 11:13:18 +0800] [1] [ERROR] Worker (pid:9) exited with code 4
[2025-02-25 11:14:18 +0800] [1] [INFO] Starting gunicorn 23.0.0
[2025-02-25 11:14:18 +0800] [1] [INFO] Listening at: http://0.0.0.0:5000 (1)
[2025-02-25 11:14:18 +0800] [1] [INFO] Using worker: gthread
[2025-02-25 11:14:18 +0800] [7] [INFO] Booting worker with pid: 7
[2025-02-25 11:14:18 +0800] [8] [INFO] Booting worker with pid: 8
[2025-02-25 11:14:18 +0800] [7] [INFO] Worker exiting (pid: 7)
[2025-02-25 11:14:18 +0800] [1] [ERROR] Worker (pid:7) exited with code 4
[2025-02-25 11:14:18 +0800] [8] [INFO] Worker exiting (pid: 8)
[2025-02-25 11:14:18 +0800] [1] [ERROR] Worker (pid:8) exited with code 4
[2025-02-25 12:08:35 +0800] [1] [INFO] Starting gunicorn 23.0.0
[2025-02-25 12:08:35 +0800] [1] [INFO] Listening at: http://0.0.0.0:5000 (1)
[2025-02-25 12:08:35 +0800] [1] [INFO] Using worker: gthread
[2025-02-25 12:08:35 +0800] [8] [INFO] Booting worker with pid: 8
[2025-02-25 12:08:35 +0800] [9] [INFO] Booting worker with pid: 9
[2025-02-25 12:08:35 +0800] [8] [INFO] Worker exiting (pid: 8)
[2025-02-25 12:08:35 +0800] [1] [ERROR] Worker (pid:8) exited with code 4
[2025-02-25 12:08:35 +0800] [9] [INFO] Worker exiting (pid: 9)
[2025-02-25 12:08:35 +0800] [1] [ERROR] Worker (pid:9) exited with code 4
[2025-02-25 12:09:35 +0800] [1] [INFO] Starting gunicorn 23.0.0
[2025-02-25 12:09:35 +0800] [1] [INFO] Listening at: http://0.0.0.0:5000 (1)
[2025-02-25 12:09:35 +0800] [1] [INFO] Using worker: gthread
[2025-02-25 12:09:35 +0800] [8] [INFO] Booting worker with pid: 8
[2025-02-25 12:09:35 +0800] [9] [INFO] Booting worker with pid: 9
[2025-02-25 12:09:35 +0800] [10] [INFO] Booting worker with pid: 10
[2025-02-25 12:09:35 +0800] [11] [INFO] Booting worker with pid: 11
[2025-02-25 12:09:35 +0800] [8] [INFO] Worker exiting (pid: 8)
[2025-02-25 12:09:35 +0800] [1] [ERROR] Worker (pid:8) exited with code 4
[2025-02-25 12:09:35 +0800] [10] [INFO] Worker exiting (pid: 10)
[2025-02-25 12:09:35 +0800] [9] [INFO] Worker exiting (pid: 9)
[2025-02-25 12:09:35 +0800] [11] [INFO] Worker exiting (pid: 11)
[2025-02-25 12:09:35 +0800] [1] [ERROR] Worker (pid:10) exited with code 4
[2025-02-25 12:10:36 +0800] [1] [INFO] Starting gunicorn 23.0.0
[2025-02-25 12:10:36 +0800] [1] [INFO] Listening at: http://0.0.0.0:5000 (1)
[2025-02-25 12:10:36 +0800] [1] [INFO] Using worker: gthread
[2025-02-25 12:10:36 +0800] [7] [INFO] Booting worker with pid: 7
[2025-02-25 12:10:36 +0800] [8] [INFO] Booting worker with pid: 8
[2025-02-25 12:10:36 +0800] [7] [INFO] Worker exiting (pid: 7)
[2025-02-25 12:10:36 +0800] [1] [ERROR] Worker (pid:7) exited with code 4
[2025-02-25 12:10:36 +0800] [8] [INFO] Worker exiting (pid: 8)
[2025-02-25 12:10:36 +0800] [1] [ERROR] Worker (pid:8) exited with code 4
[2025-02-25 12:11:36 +0800] [1] [INFO] Starting gunicorn 23.0.0
[2025-02-25 12:11:36 +0800] [1] [INFO] Listening at: http://0.0.0.0:5000 (1)
[2025-02-25 12:11:36 +0800] [1] [INFO] Using worker: gthread
[2025-02-25 12:11:36 +0800] [8] [INFO] Booting worker with pid: 8
[2025-02-25 12:11:36 +0800] [9] [INFO] Booting worker with pid: 9
[2025-02-25 12:11:36 +0800] [10] [INFO] Booting worker with pid: 10
[2025-02-25 12:11:36 +0800] [8] [INFO] Worker exiting (pid: 8)
[2025-02-25 12:11:36 +0800] [9] [INFO] Worker exiting (pid: 9)
[2025-02-25 12:11:36 +0800] [11] [INFO] Booting worker with pid: 11
[2025-02-25 12:11:36 +0800] [1] [ERROR] Worker (pid:8) exited with code 4
[2025-02-25 12:11:36 +0800] [1] [ERROR] Worker (pid:9) was sent SIGTERM!
[2025-02-25 12:11:36 +0800] [10] [INFO] Worker exiting (pid: 10)
[2025-02-25 12:11:36 +0800] [1] [ERROR] Worker (pid:10) exited with code 4
[2025-02-25 22:01:23 +0800] [1] [INFO] Starting gunicorn 23.0.0
[2025-02-25 22:01:23 +0800] [1] [INFO] Listening at: http://0.0.0.0:5000 (1)
[2025-02-25 22:01:23 +0800] [1] [INFO] Using worker: gthread
[2025-02-25 22:01:23 +0800] [8] [INFO] Booting worker with pid: 8
[2025-02-25 22:01:24 +0800] [9] [INFO] Booting worker with pid: 9
[2025-02-25 22:01:24 +0800] [8] [INFO] Worker exiting (pid: 8)
[2025-02-25 22:01:24 +0800] [1] [ERROR] Worker (pid:8) exited with code 4
[2025-02-25 22:01:24 +0800] [9] [INFO] Worker exiting (pid: 9)
[2025-02-25 22:01:24 +0800] [1] [ERROR] Worker (pid:9) exited with code 4
[2025-02-25 22:01:24 +0800] [1] [INFO] Starting gunicorn 23.0.0
[2025-02-25 22:01:24 +0800] [1] [INFO] Listening at: http://0.0.0.0:5000 (1)
[2025-02-25 22:01:24 +0800] [1] [INFO] Using worker: gthread
[2025-02-25 22:01:24 +0800] [7] [INFO] Booting worker with pid: 7
[2025-02-25 22:01:24 +0800] [8] [INFO] Booting worker with pid: 8
[2025-02-25 22:01:24 +0800] [9] [INFO] Booting worker with pid: 9
[2025-02-25 22:01:24 +0800] [7] [INFO] Worker exiting (pid: 7)
[2025-02-25 22:01:24 +0800] [1] [ERROR] Worker (pid:7) exited with code 4
[2025-02-25 22:01:24 +0800] [8] [INFO] Worker exiting (pid: 8)
[2025-02-25 22:01:24 +0800] [1] [ERROR] Worker (pid:8) exited with code 4
[2025-02-25 22:01:24 +0800] [9] [INFO] Worker exiting (pid: 9)
[2025-02-25 22:01:25 +0800] [1] [INFO] Starting gunicorn 23.0.0
[2025-02-25 22:01:25 +0800] [1] [INFO] Listening at: http://0.0.0.0:5000 (1)
[2025-02-25 22:01:25 +0800] [1] [INFO] Using worker: gthread
[2025-02-25 22:01:25 +0800] [8] [INFO] Booting worker with pid: 8
[2025-02-25 22:01:25 +0800] [9] [INFO] Booting worker with pid: 9
[2025-02-25 22:01:25 +0800] [8] [INFO] Worker exiting (pid: 8)
[2025-02-25 22:01:25 +0800] [10] [INFO] Booting worker with pid: 10
[2025-02-25 22:01:25 +0800] [9] [INFO] Worker exiting (pid: 9)
[2025-02-25 22:01:25 +0800] [1] [ERROR] Worker (pid:8) exited with code 4
[2025-02-25 22:01:25 +0800] [1] [ERROR] Worker (pid:9) was sent SIGTERM!
[2025-02-25 22:01:25 +0800] [10] [INFO] Worker exiting (pid: 10)
[2025-02-25 22:01:25 +0800] [1] [ERROR] Worker (pid:10) exited with code 4
[2025-02-25 22:01:26 +0800] [1] [INFO] Starting gunicorn 23.0.0
[2025-02-25 22:01:26 +0800] [1] [INFO] Listening at: http://0.0.0.0:5000 (1)
[2025-02-25 22:01:26 +0800] [1] [INFO] Using worker: gthread
[2025-02-25 22:01:26 +0800] [8] [INFO] Booting worker with pid: 8
[2025-02-25 22:01:26 +0800] [9] [INFO] Booting worker with pid: 9
[2025-02-25 22:01:26 +0800] [8] [INFO] Worker exiting (pid: 8)
[2025-02-25 22:01:26 +0800] [10] [INFO] Booting worker with pid: 10
[2025-02-25 22:01:26 +0800] [1] [ERROR] Worker (pid:8) exited with code 4
[2025-02-25 22:01:26 +0800] [9] [INFO] Worker exiting (pid: 9)
[2025-02-25 22:01:26 +0800] [1] [ERROR] Worker (pid:9) exited with code 4
[2025-02-25 22:01:26 +0800] [10] [INFO] Worker exiting (pid: 10)
[2025-02-25 22:01:27 +0800] [1] [INFO] Starting gunicorn 23.0.0
[2025-02-25 22:01:27 +0800] [1] [INFO] Listening at: http://0.0.0.0:5000 (1)
[2025-02-25 22:01:27 +0800] [1] [INFO] Using worker: gthread
[2025-02-25 22:01:27 +0800] [8] [INFO] Booting worker with pid: 8
[2025-02-25 22:01:27 +0800] [9] [INFO] Booting worker with pid: 9
[2025-02-25 22:01:27 +0800] [10] [INFO] Booting worker with pid: 10
[2025-02-25 22:01:27 +0800] [8] [INFO] Worker exiting (pid: 8)
[2025-02-25 22:01:27 +0800] [9] [INFO] Worker exiting (pid: 9)
[2025-02-25 22:01:27 +0800] [11] [INFO] Booting worker with pid: 11
[2025-02-25 22:01:27 +0800] [1] [ERROR] Worker (pid:8) exited with code 4
[2025-02-25 22:01:27 +0800] [1] [ERROR] Worker (pid:9) was sent SIGTERM!
[2025-02-25 22:01:27 +0800] [10] [INFO] Worker exiting (pid: 10)
[2025-02-25 22:01:27 +0800] [1] [ERROR] Worker (pid:10) exited with code 4
[2025-02-25 22:01:29 +0800] [1] [INFO] Starting gunicorn 23.0.0
[2025-02-25 22:01:29 +0800] [1] [INFO] Listening at: http://0.0.0.0:5000 (1)
[2025-02-25 22:01:29 +0800] [1] [INFO] Using worker: gthread
[2025-02-25 22:01:29 +0800] [8] [INFO] Booting worker with pid: 8
[2025-02-25 22:01:29 +0800] [9] [INFO] Booting worker with pid: 9
[2025-02-25 22:01:29 +0800] [10] [INFO] Booting worker with pid: 10
[2025-02-25 22:01:29 +0800] [8] [INFO] Worker exiting (pid: 8)
[2025-02-25 22:01:29 +0800] [1] [ERROR] Worker (pid:8) exited with code 4
[2025-02-25 22:01:29 +0800] [9] [INFO] Worker exiting (pid: 9)
[2025-02-25 22:01:29 +0800] [10] [INFO] Worker exiting (pid: 10)
[2025-02-25 22:01:29 +0800] [1] [ERROR] Worker (pid:9) exited with code 4
[2025-02-25 22:01:33 +0800] [1] [INFO] Starting gunicorn 23.0.0
[2025-02-25 22:01:33 +0800] [1] [INFO] Listening at: http://0.0.0.0:5000 (1)
[2025-02-25 22:01:33 +0800] [1] [INFO] Using worker: gthread
[2025-02-25 22:01:33 +0800] [8] [INFO] Booting worker with pid: 8
[2025-02-25 22:01:33 +0800] [9] [INFO] Booting worker with pid: 9
[2025-02-25 22:01:33 +0800] [8] [INFO] Worker exiting (pid: 8)
[2025-02-25 22:01:33 +0800] [10] [INFO] Booting worker with pid: 10
[2025-02-25 22:01:33 +0800] [1] [ERROR] Worker (pid:8) exited with code 4
[2025-02-25 22:01:33 +0800] [9] [INFO] Worker exiting (pid: 9)
[2025-02-25 22:01:33 +0800] [1] [ERROR] Worker (pid:9) exited with code 4
[2025-02-25 22:01:40 +0800] [1] [INFO] Starting gunicorn 23.0.0
[2025-02-25 22:01:40 +0800] [1] [INFO] Listening at: http://0.0.0.0:5000 (1)
[2025-02-25 22:01:40 +0800] [1] [INFO] Using worker: gthread
[2025-02-25 22:01:40 +0800] [7] [INFO] Booting worker with pid: 7
[2025-02-25 22:01:40 +0800] [8] [INFO] Booting worker with pid: 8
[2025-02-25 22:01:40 +0800] [9] [INFO] Booting worker with pid: 9
[2025-02-25 22:01:40 +0800] [7] [INFO] Worker exiting (pid: 7)
[2025-02-25 22:01:40 +0800] [8] [INFO] Worker exiting (pid: 8)
[2025-02-25 22:01:40 +0800] [1] [ERROR] Worker (pid:7) exited with code 4
[2025-02-25 22:01:40 +0800] [1] [ERROR] Worker (pid:8) was sent SIGTERM!
[2025-02-25 22:01:40 +0800] [9] [INFO] Worker exiting (pid: 9)
[2025-02-25 22:01:40 +0800] [1] [ERROR] Worker (pid:9) exited with code 4
[2025-02-25 22:01:53 +0800] [1] [INFO] Starting gunicorn 23.0.0
[2025-02-25 22:01:53 +0800] [1] [INFO] Listening at: http://0.0.0.0:5000 (1)
[2025-02-25 22:01:53 +0800] [1] [INFO] Using worker: gthread
[2025-02-25 22:01:53 +0800] [7] [INFO] Booting worker with pid: 7
[2025-02-25 22:01:53 +0800] [8] [INFO] Booting worker with pid: 8
[2025-02-25 22:01:53 +0800] [7] [INFO] Worker exiting (pid: 7)
[2025-02-25 22:01:53 +0800] [9] [INFO] Booting worker with pid: 9
[2025-02-25 22:01:53 +0800] [1] [ERROR] Worker (pid:7) exited with code 4
[2025-02-25 22:01:53 +0800] [8] [INFO] Worker exiting (pid: 8)
[2025-02-25 22:01:53 +0800] [1] [ERROR] Worker (pid:8) exited with code 4
[2025-02-25 22:02:19 +0800] [1] [INFO] Starting gunicorn 23.0.0
[2025-02-25 22:02:19 +0800] [1] [INFO] Listening at: http://0.0.0.0:5000 (1)
[2025-02-25 22:02:19 +0800] [1] [INFO] Using worker: gthread
[2025-02-25 22:02:19 +0800] [8] [INFO] Booting worker with pid: 8
[2025-02-25 22:02:19 +0800] [9] [INFO] Booting worker with pid: 9
[2025-02-25 22:02:19 +0800] [8] [INFO] Worker exiting (pid: 8)
[2025-02-25 22:02:19 +0800] [1] [ERROR] Worker (pid:8) exited with code 4
[2025-02-25 22:02:19 +0800] [9] [INFO] Worker exiting (pid: 9)
[2025-02-25 22:02:19 +0800] [1] [ERROR] Worker (pid:9) exited with code 4
[2025-02-25 22:03:11 +0800] [1] [INFO] Starting gunicorn 23.0.0
[2025-02-25 22:03:11 +0800] [1] [INFO] Listening at: http://0.0.0.0:5000 (1)
[2025-02-25 22:03:11 +0800] [1] [INFO] Using worker: gthread
[2025-02-25 22:03:11 +0800] [8] [INFO] Booting worker with pid: 8
[2025-02-25 22:03:11 +0800] [9] [INFO] Booting worker with pid: 9
[2025-02-25 22:03:11 +0800] [8] [INFO] Worker exiting (pid: 8)
[2025-02-25 22:03:11 +0800] [10] [INFO] Booting worker with pid: 10
[2025-02-25 22:03:11 +0800] [1] [ERROR] Worker (pid:8) exited with code 4
[2025-02-25 22:03:11 +0800] [9] [INFO] Worker exiting (pid: 9)
[2025-02-25 22:03:11 +0800] [1] [ERROR] Worker (pid:9) exited with code 4
[2025-02-25 22:04:11 +0800] [1] [INFO] Starting gunicorn 23.0.0
[2025-02-25 22:04:11 +0800] [1] [INFO] Listening at: http://0.0.0.0:5000 (1)
[2025-02-25 22:04:11 +0800] [1] [INFO] Using worker: gthread
[2025-02-25 22:04:11 +0800] [8] [INFO] Booting worker with pid: 8
[2025-02-25 22:04:11 +0800] [9] [INFO] Booting worker with pid: 9
[2025-02-25 22:04:11 +0800] [10] [INFO] Booting worker with pid: 10
[2025-02-25 22:04:11 +0800] [11] [INFO] Booting worker with pid: 11
[2025-02-25 22:04:11 +0800] [8] [INFO] Worker exiting (pid: 8)
[2025-02-25 22:04:11 +0800] [9] [INFO] Worker exiting (pid: 9)
[2025-02-25 22:04:11 +0800] [1] [ERROR] Worker (pid:8) exited with code 4
[2025-02-25 22:04:11 +0800] [1] [ERROR] Worker (pid:9) was sent SIGTERM!
[2025-02-25 22:04:11 +0800] [10] [INFO] Worker exiting (pid: 10)
[2025-02-25 22:04:11 +0800] [11] [INFO] Worker exiting (pid: 11)
[2025-02-25 22:04:11 +0800] [1] [ERROR] Worker (pid:10) exited with code 4
[2025-02-25 22:05:11 +0800] [1] [INFO] Starting gunicorn 23.0.0
[2025-02-25 22:05:11 +0800] [1] [INFO] Listening at: http://0.0.0.0:5000 (1)
[2025-02-25 22:05:11 +0800] [1] [INFO] Using worker: gthread
[2025-02-25 22:05:11 +0800] [8] [INFO] Booting worker with pid: 8
[2025-02-25 22:05:11 +0800] [9] [INFO] Booting worker with pid: 9
[2025-02-25 22:05:11 +0800] [10] [INFO] Booting worker with pid: 10
[2025-02-25 22:05:12 +0800] [8] [INFO] Worker exiting (pid: 8)
[2025-02-25 22:05:12 +0800] [9] [INFO] Worker exiting (pid: 9)
[2025-02-25 22:05:12 +0800] [1] [ERROR] Worker (pid:8) exited with code 4
[2025-02-25 22:05:12 +0800] [1] [ERROR] Worker (pid:9) was sent SIGTERM!
[2025-02-25 22:05:12 +0800] [10] [INFO] Worker exiting (pid: 10)
[2025-02-25 22:05:12 +0800] [1] [ERROR] Worker (pid:10) exited with code 4
[2025-02-25 22:14:49 +0800] [1] [INFO] Starting gunicorn 23.0.0
[2025-02-25 22:14:49 +0800] [1] [INFO] Listening at: http://0.0.0.0:5000 (1)
[2025-02-25 22:14:49 +0800] [1] [INFO] Using worker: gthread
[2025-02-25 22:14:49 +0800] [8] [INFO] Booting worker with pid: 8
[2025-02-25 22:14:49 +0800] [9] [INFO] Booting worker with pid: 9
[2025-02-25 22:14:49 +0800] [8] [INFO] Worker exiting (pid: 8)
[2025-02-25 22:14:49 +0800] [1] [ERROR] Worker (pid:8) exited with code 4
[2025-02-25 22:14:49 +0800] [9] [INFO] Worker exiting (pid: 9)
[2025-02-25 22:14:49 +0800] [1] [ERROR] Worker (pid:9) exited with code 4
[2025-02-25 22:15:49 +0800] [1] [INFO] Starting gunicorn 23.0.0
[2025-02-25 22:15:49 +0800] [1] [INFO] Listening at: http://0.0.0.0:5000 (1)
[2025-02-25 22:15:49 +0800] [1] [INFO] Using worker: gthread
[2025-02-25 22:15:49 +0800] [8] [INFO] Booting worker with pid: 8
[2025-02-25 22:15:49 +0800] [9] [INFO] Booting worker with pid: 9
[2025-02-25 22:15:49 +0800] [10] [INFO] Booting worker with pid: 10
[2025-02-25 22:15:49 +0800] [8] [INFO] Worker exiting (pid: 8)
[2025-02-25 22:15:49 +0800] [9] [INFO] Worker exiting (pid: 9)
[2025-02-25 22:15:49 +0800] [1] [ERROR] Worker (pid:8) exited with code 4
[2025-02-25 22:15:49 +0800] [1] [ERROR] Worker (pid:9) was sent SIGTERM!
[2025-02-25 22:15:49 +0800] [10] [INFO] Worker exiting (pid: 10)
[2025-02-25 22:15:50 +0800] [1] [ERROR] Worker (pid:10) exited with code 4
[2025-02-25 22:16:50 +0800] [1] [INFO] Starting gunicorn 23.0.0
[2025-02-25 22:16:50 +0800] [1] [INFO] Listening at: http://0.0.0.0:5000 (1)
[2025-02-25 22:16:50 +0800] [1] [INFO] Using worker: gthread
[2025-02-25 22:16:50 +0800] [8] [INFO] Booting worker with pid: 8
[2025-02-25 22:16:50 +0800] [9] [INFO] Booting worker with pid: 9
[2025-02-25 22:16:50 +0800] [10] [INFO] Booting worker with pid: 10
[2025-02-25 22:16:50 +0800] [8] [INFO] Worker exiting (pid: 8)
[2025-02-25 22:16:50 +0800] [11] [INFO] Booting worker with pid: 11
[2025-02-25 22:16:50 +0800] [1] [ERROR] Worker (pid:8) exited with code 4
[2025-02-25 22:16:50 +0800] [9] [INFO] Worker exiting (pid: 9)
[2025-02-25 22:16:50 +0800] [10] [INFO] Worker exiting (pid: 10)
[2025-02-25 22:16:50 +0800] [1] [ERROR] Worker (pid:9) exited with code 4
[2025-02-25 22:17:50 +0800] [1] [INFO] Starting gunicorn 23.0.0
[2025-02-25 22:17:50 +0800] [1] [INFO] Listening at: http://0.0.0.0:5000 (1)
[2025-02-25 22:17:50 +0800] [1] [INFO] Using worker: gthread
[2025-02-25 22:17:50 +0800] [7] [INFO] Booting worker with pid: 7
[2025-02-25 22:17:50 +0800] [8] [INFO] Booting worker with pid: 8
[2025-02-25 22:17:50 +0800] [7] [INFO] Worker exiting (pid: 7)
[2025-02-25 22:17:50 +0800] [9] [INFO] Booting worker with pid: 9
[2025-02-25 22:17:50 +0800] [8] [INFO] Worker exiting (pid: 8)
[2025-02-25 22:17:50 +0800] [1] [ERROR] Worker (pid:7) exited with code 4
[2025-02-25 22:17:50 +0800] [1] [ERROR] Worker (pid:8) was sent SIGTERM!
[2025-02-25 22:17:50 +0800] [9] [INFO] Worker exiting (pid: 9)
[2025-02-25 22:17:50 +0800] [1] [ERROR] Worker (pid:9) exited with code 4
[2025-02-25 22:48:56 +0800] [1] [INFO] Starting gunicorn 23.0.0
[2025-02-25 22:48:56 +0800] [1] [INFO] Listening at: http://0.0.0.0:5000 (1)
[2025-02-25 22:48:56 +0800] [1] [INFO] Using worker: gthread
[2025-02-25 22:48:56 +0800] [8] [INFO] Booting worker with pid: 8
[2025-02-25 22:48:56 +0800] [9] [INFO] Booting worker with pid: 9
[2025-02-25 22:48:56 +0800] [10] [INFO] Booting worker with pid: 10
[2025-02-25 22:48:56 +0800] [11] [INFO] Booting worker with pid: 11
[2025-02-25 22:57:34 +0800] [1] [INFO] Handling signal: term
[2025-02-25 22:57:34 +0800] [11] [INFO] Worker exiting (pid: 11)
[2025-02-25 22:57:34 +0800] [8] [INFO] Worker exiting (pid: 8)
[2025-02-25 22:57:34 +0800] [9] [INFO] Worker exiting (pid: 9)
[2025-02-25 22:57:34 +0800] [10] [INFO] Worker exiting (pid: 10)
[2025-02-25 22:57:35 +0800] [1] [INFO] Shutting down: Master
[2025-02-25 22:59:56 +0800] [1] [INFO] Starting gunicorn 23.0.0
[2025-02-25 22:59:56 +0800] [1] [INFO] Listening at: http://0.0.0.0:5000 (1)
[2025-02-25 22:59:56 +0800] [1] [INFO] Using worker: gthread
[2025-02-25 22:59:56 +0800] [8] [INFO] Booting worker with pid: 8
[2025-02-25 22:59:56 +0800] [9] [INFO] Booting worker with pid: 9
[2025-02-25 22:59:56 +0800] [10] [INFO] Booting worker with pid: 10
[2025-02-25 22:59:56 +0800] [11] [INFO] Booting worker with pid: 11
[2025-02-26 20:55:24 +0800] [1] [INFO] Starting gunicorn 23.0.0
[2025-02-26 20:55:24 +0800] [1] [INFO] Listening at: http://0.0.0.0:5000 (1)
[2025-02-26 20:55:24 +0800] [1] [INFO] Using worker: gthread
[2025-02-26 20:55:24 +0800] [8] [INFO] Booting worker with pid: 8
[2025-02-26 20:55:24 +0800] [9] [INFO] Booting worker with pid: 9
[2025-02-26 20:55:24 +0800] [10] [INFO] Booting worker with pid: 10
[2025-02-26 20:55:24 +0800] [11] [INFO] Booting worker with pid: 11
[2025-02-27 00:26:31 +0800] [1] [INFO] Handling signal: term
[2025-02-27 00:26:31 +0800] [9] [INFO] Worker exiting (pid: 9)
[2025-02-27 00:26:31 +0800] [8] [INFO] Worker exiting (pid: 8)
[2025-02-27 00:26:32 +0800] [10] [INFO] Worker exiting (pid: 10)
[2025-02-27 00:26:32 +0800] [11] [INFO] Worker exiting (pid: 11)
[2025-02-27 00:26:32 +0800] [1] [INFO] Shutting down: Master
[2025-02-28 15:40:10 +0800] [1] [INFO] Starting gunicorn 23.0.0
[2025-02-28 15:40:10 +0800] [1] [INFO] Listening at: http://0.0.0.0:5000 (1)
[2025-02-28 15:40:10 +0800] [1] [INFO] Using worker: gthread
[2025-02-28 15:40:10 +0800] [7] [INFO] Booting worker with pid: 7
[2025-02-28 15:40:10 +0800] [8] [INFO] Booting worker with pid: 8
[2025-02-28 15:40:10 +0800] [9] [INFO] Booting worker with pid: 9
[2025-02-28 15:40:10 +0800] [12] [INFO] Booting worker with pid: 12
[2025-02-28 22:18:11 +0800] [1] [INFO] Handling signal: term
[2025-02-28 22:18:11 +0800] [8] [INFO] Worker exiting (pid: 8)
[2025-02-28 22:18:11 +0800] [12] [INFO] Worker exiting (pid: 12)
[2025-02-28 22:18:11 +0800] [7] [INFO] Worker exiting (pid: 7)
[2025-02-28 22:18:12 +0800] [9] [INFO] Worker exiting (pid: 9)
[2025-02-28 22:18:12 +0800] [1] [INFO] Shutting down: Master
[2025-02-28 22:18:12 +0800] [1] [INFO] Starting gunicorn 23.0.0
[2025-02-28 22:18:12 +0800] [1] [INFO] Listening at: http://0.0.0.0:5000 (1)
[2025-02-28 22:18:12 +0800] [1] [INFO] Using worker: gthread
[2025-02-28 22:18:12 +0800] [8] [INFO] Booting worker with pid: 8
[2025-02-28 22:18:13 +0800] [9] [INFO] Booting worker with pid: 9
[2025-02-28 22:18:13 +0800] [13] [INFO] Booting worker with pid: 13
[2025-02-28 22:18:13 +0800] [14] [INFO] Booting worker with pid: 14
[2025-02-28 22:22:19 +0800] [1] [INFO] Handling signal: term
[2025-02-28 22:22:19 +0800] [14] [INFO] Worker exiting (pid: 14)
[2025-02-28 22:22:19 +0800] [8] [INFO] Worker exiting (pid: 8)
[2025-02-28 22:22:20 +0800] [9] [INFO] Worker exiting (pid: 9)
[2025-02-28 22:22:20 +0800] [13] [INFO] Worker exiting (pid: 13)
[2025-02-28 22:22:20 +0800] [1] [INFO] Shutting down: Master
[2025-02-28 22:22:20 +0800] [1] [INFO] Starting gunicorn 23.0.0
[2025-02-28 22:22:20 +0800] [1] [INFO] Listening at: http://0.0.0.0:5000 (1)
[2025-02-28 22:22:20 +0800] [1] [INFO] Using worker: gthread
[2025-02-28 22:22:20 +0800] [8] [INFO] Booting worker with pid: 8
[2025-02-28 22:22:20 +0800] [9] [INFO] Booting worker with pid: 9
[2025-02-28 22:22:21 +0800] [10] [INFO] Booting worker with pid: 10
[2025-02-28 22:22:21 +0800] [14] [INFO] Booting worker with pid: 14
[2025-02-28 22:24:20 +0800] [1] [INFO] Handling signal: term
[2025-02-28 22:24:20 +0800] [10] [INFO] Worker exiting (pid: 10)
[2025-02-28 22:24:20 +0800] [8] [INFO] Worker exiting (pid: 8)
[2025-02-28 22:24:20 +0800] [9] [INFO] Worker exiting (pid: 9)
[2025-02-28 22:24:21 +0800] [14] [INFO] Worker exiting (pid: 14)
[2025-02-28 22:24:21 +0800] [1] [INFO] Shutting down: Master
[2025-02-28 22:24:22 +0800] [1] [INFO] Starting gunicorn 23.0.0
[2025-02-28 22:24:22 +0800] [1] [INFO] Listening at: http://0.0.0.0:5000 (1)
[2025-02-28 22:24:22 +0800] [1] [INFO] Using worker: gthread
[2025-02-28 22:24:22 +0800] [8] [INFO] Booting worker with pid: 8
[2025-02-28 22:24:22 +0800] [9] [INFO] Booting worker with pid: 9
[2025-02-28 22:24:22 +0800] [10] [INFO] Booting worker with pid: 10
[2025-02-28 22:24:22 +0800] [11] [INFO] Booting worker with pid: 11
[2025-03-01 17:00:18 +0800] [1] [INFO] Starting gunicorn 23.0.0
[2025-03-01 17:00:18 +0800] [1] [INFO] Listening at: http://0.0.0.0:5000 (1)
[2025-03-01 17:00:18 +0800] [1] [INFO] Using worker: gthread
[2025-03-01 17:00:18 +0800] [8] [INFO] Booting worker with pid: 8
[2025-03-01 17:00:18 +0800] [9] [INFO] Booting worker with pid: 9
[2025-03-01 17:00:18 +0800] [10] [INFO] Booting worker with pid: 10
[2025-03-01 17:00:18 +0800] [11] [INFO] Booting worker with pid: 11
[2025-03-04 07:33:25 +0800] [1] [INFO] Starting gunicorn 23.0.0
[2025-03-04 07:33:25 +0800] [1] [INFO] Listening at: http://0.0.0.0:5000 (1)
[2025-03-04 07:33:25 +0800] [1] [INFO] Using worker: gthread
[2025-03-04 07:33:25 +0800] [8] [INFO] Booting worker with pid: 8
[2025-03-04 07:33:25 +0800] [9] [INFO] Booting worker with pid: 9
[2025-03-04 07:33:25 +0800] [10] [INFO] Booting worker with pid: 10
[2025-03-04 07:33:25 +0800] [11] [INFO] Booting worker with pid: 11
[2025-03-04 20:56:19 +0800] [1] [INFO] Starting gunicorn 23.0.0
[2025-03-04 20:56:19 +0800] [1] [INFO] Listening at: http://0.0.0.0:5000 (1)
[2025-03-04 20:56:19 +0800] [1] [INFO] Using worker: gthread
[2025-03-04 20:56:19 +0800] [8] [INFO] Booting worker with pid: 8
[2025-03-04 20:56:19 +0800] [9] [INFO] Booting worker with pid: 9
[2025-03-04 20:56:19 +0800] [10] [INFO] Booting worker with pid: 10
[2025-03-04 20:56:19 +0800] [11] [INFO] Booting worker with pid: 11
[2025-03-05 21:50:34 +0800] [1] [INFO] Starting gunicorn 23.0.0
[2025-03-05 21:50:34 +0800] [1] [INFO] Listening at: http://0.0.0.0:5000 (1)
[2025-03-05 21:50:34 +0800] [1] [INFO] Using worker: gthread
[2025-03-05 21:50:34 +0800] [8] [INFO] Booting worker with pid: 8
[2025-03-05 21:50:34 +0800] [9] [INFO] Booting worker with pid: 9
[2025-03-05 21:50:34 +0800] [10] [INFO] Booting worker with pid: 10
[2025-03-05 21:50:34 +0800] [11] [INFO] Booting worker with pid: 11
[2025-03-07 22:10:17 +0800] [1] [INFO] Starting gunicorn 23.0.0
[2025-03-07 22:10:17 +0800] [1] [INFO] Listening at: http://0.0.0.0:5000 (1)
[2025-03-07 22:10:17 +0800] [1] [INFO] Using worker: gthread
[2025-03-07 22:10:17 +0800] [8] [INFO] Booting worker with pid: 8
[2025-03-07 22:10:17 +0800] [9] [INFO] Booting worker with pid: 9
[2025-03-07 22:10:17 +0800] [10] [INFO] Booting worker with pid: 10
[2025-03-07 22:10:17 +0800] [11] [INFO] Booting worker with pid: 11
[2025-03-07 22:22:46 +0800] [1] [INFO] Handling signal: term
[2025-03-07 22:22:46 +0800] [9] [INFO] Worker exiting (pid: 9)
[2025-03-07 22:22:47 +0800] [10] [INFO] Worker exiting (pid: 10)
[2025-03-07 22:22:47 +0800] [8] [INFO] Worker exiting (pid: 8)
[2025-03-07 22:22:47 +0800] [11] [INFO] Worker exiting (pid: 11)
[2025-03-07 22:22:47 +0800] [1] [INFO] Shutting down: Master
[2025-03-07 22:26:23 +0800] [1] [INFO] Starting gunicorn 23.0.0
[2025-03-07 22:26:23 +0800] [1] [INFO] Listening at: http://0.0.0.0:5000 (1)
[2025-03-07 22:26:23 +0800] [1] [INFO] Using worker: gthread
[2025-03-07 22:26:23 +0800] [8] [INFO] Booting worker with pid: 8
[2025-03-07 22:26:23 +0800] [9] [INFO] Booting worker with pid: 9
[2025-03-07 22:26:23 +0800] [10] [INFO] Booting worker with pid: 10
[2025-03-07 22:26:23 +0800] [13] [INFO] Booting worker with pid: 13
[2025-03-07 22:33:12 +0800] [1] [INFO] Handling signal: term
[2025-03-07 22:33:13 +0800] [9] [INFO] Worker exiting (pid: 9)
[2025-03-07 22:33:13 +0800] [8] [INFO] Worker exiting (pid: 8)
[2025-03-07 22:33:13 +0800] [13] [INFO] Worker exiting (pid: 13)
[2025-03-07 22:33:13 +0800] [10] [INFO] Worker exiting (pid: 10)
[2025-03-07 22:33:13 +0800] [1] [INFO] Shutting down: Master
[2025-03-07 22:34:11 +0800] [1] [INFO] Starting gunicorn 23.0.0
[2025-03-07 22:34:11 +0800] [1] [INFO] Listening at: http://0.0.0.0:5000 (1)
[2025-03-07 22:34:11 +0800] [1] [INFO] Using worker: gthread
[2025-03-07 22:34:11 +0800] [8] [INFO] Booting worker with pid: 8
[2025-03-07 22:34:11 +0800] [9] [INFO] Booting worker with pid: 9
[2025-03-07 22:34:11 +0800] [10] [INFO] Booting worker with pid: 10
[2025-03-07 22:34:11 +0800] [11] [INFO] Booting worker with pid: 11
[2025-03-07 22:51:00 +0800] [1] [INFO] Handling signal: term
[2025-03-07 22:51:00 +0800] [11] [INFO] Worker exiting (pid: 11)
[2025-03-07 22:51:00 +0800] [8] [INFO] Worker exiting (pid: 8)
[2025-03-07 22:51:00 +0800] [10] [INFO] Worker exiting (pid: 10)
[2025-03-07 22:51:00 +0800] [9] [INFO] Worker exiting (pid: 9)
[2025-03-07 22:51:01 +0800] [1] [INFO] Shutting down: Master
[2025-03-07 22:51:01 +0800] [1] [INFO] Starting gunicorn 23.0.0
[2025-03-07 22:51:01 +0800] [1] [INFO] Listening at: http://0.0.0.0:5000 (1)
[2025-03-07 22:51:01 +0800] [1] [INFO] Using worker: gthread
[2025-03-07 22:51:01 +0800] [8] [INFO] Booting worker with pid: 8
[2025-03-07 22:51:01 +0800] [9] [INFO] Booting worker with pid: 9
[2025-03-07 22:51:01 +0800] [12] [INFO] Booting worker with pid: 12
[2025-03-07 22:51:02 +0800] [14] [INFO] Booting worker with pid: 14
[2025-03-08 11:37:23 +0800] [1] [INFO] Handling signal: term
[2025-03-08 11:37:23 +0800] [9] [INFO] Worker exiting (pid: 9)
[2025-03-08 11:37:23 +0800] [14] [INFO] Worker exiting (pid: 14)
[2025-03-08 11:37:23 +0800] [8] [INFO] Worker exiting (pid: 8)
[2025-03-08 11:37:24 +0800] [12] [INFO] Worker exiting (pid: 12)
[2025-03-08 11:37:24 +0800] [1] [INFO] Shutting down: Master
[2025-03-08 11:38:31 +0800] [1] [INFO] Starting gunicorn 23.0.0
[2025-03-08 11:38:31 +0800] [1] [INFO] Listening at: http://0.0.0.0:5000 (1)
[2025-03-08 11:38:31 +0800] [1] [INFO] Using worker: gthread
[2025-03-08 11:38:31 +0800] [7] [INFO] Booting worker with pid: 7
[2025-03-08 11:38:31 +0800] [8] [INFO] Booting worker with pid: 8
[2025-03-08 11:38:31 +0800] [9] [INFO] Booting worker with pid: 9
[2025-03-08 11:38:31 +0800] [10] [INFO] Booting worker with pid: 10
[2025-03-08 12:01:18 +0800] [1] [INFO] Handling signal: term
[2025-03-08 12:01:18 +0800] [10] [INFO] Worker exiting (pid: 10)
[2025-03-08 12:01:18 +0800] [7] [INFO] Worker exiting (pid: 7)
[2025-03-08 12:01:18 +0800] [8] [INFO] Worker exiting (pid: 8)
[2025-03-08 12:01:18 +0800] [9] [INFO] Worker exiting (pid: 9)
[2025-03-08 12:01:19 +0800] [1] [INFO] Shutting down: Master
[2025-03-08 12:01:19 +0800] [1] [INFO] Starting gunicorn 23.0.0
[2025-03-08 12:01:19 +0800] [1] [INFO] Listening at: http://0.0.0.0:5000 (1)
[2025-03-08 12:01:19 +0800] [1] [INFO] Using worker: gthread
[2025-03-08 12:01:19 +0800] [8] [INFO] Booting worker with pid: 8
[2025-03-08 12:01:19 +0800] [9] [INFO] Booting worker with pid: 9
[2025-03-08 12:01:19 +0800] [10] [INFO] Booting worker with pid: 10
[2025-03-08 12:01:19 +0800] [14] [INFO] Booting worker with pid: 14
[2025-03-08 18:50:51 +0800] [1] [INFO] Handling signal: term
[2025-03-08 18:50:51 +0800] [10] [INFO] Worker exiting (pid: 10)
[2025-03-08 18:50:51 +0800] [9] [INFO] Worker exiting (pid: 9)
[2025-03-08 18:50:51 +0800] [8] [INFO] Worker exiting (pid: 8)
[2025-03-08 18:50:51 +0800] [14] [INFO] Worker exiting (pid: 14)
[2025-03-08 18:50:52 +0800] [1] [INFO] Shutting down: Master
[2025-03-08 18:50:52 +0800] [1] [INFO] Starting gunicorn 23.0.0
[2025-03-08 18:50:52 +0800] [1] [INFO] Listening at: http://0.0.0.0:5000 (1)
[2025-03-08 18:50:52 +0800] [1] [INFO] Using worker: gthread
[2025-03-08 18:50:52 +0800] [8] [INFO] Booting worker with pid: 8
[2025-03-08 18:50:52 +0800] [9] [INFO] Booting worker with pid: 9
[2025-03-08 18:50:52 +0800] [10] [INFO] Booting worker with pid: 10
[2025-03-08 18:50:52 +0800] [14] [INFO] Booting worker with pid: 14
[2025-03-08 18:51:04 +0800] [1] [INFO] Handling signal: term
[2025-03-08 18:51:04 +0800] [8] [INFO] Worker exiting (pid: 8)
[2025-03-08 18:51:04 +0800] [9] [INFO] Worker exiting (pid: 9)
[2025-03-08 18:51:05 +0800] [10] [INFO] Worker exiting (pid: 10)
[2025-03-08 18:51:05 +0800] [14] [INFO] Worker exiting (pid: 14)
[2025-03-08 18:51:05 +0800] [1] [INFO] Shutting down: Master
[2025-03-08 18:51:05 +0800] [1] [INFO] Starting gunicorn 23.0.0
[2025-03-08 18:51:05 +0800] [1] [INFO] Listening at: http://0.0.0.0:5000 (1)
[2025-03-08 18:51:05 +0800] [1] [INFO] Using worker: gthread
[2025-03-08 18:51:05 +0800] [8] [INFO] Booting worker with pid: 8
[2025-03-08 18:51:05 +0800] [9] [INFO] Booting worker with pid: 9
[2025-03-08 18:51:05 +0800] [10] [INFO] Booting worker with pid: 10
[2025-03-08 18:51:05 +0800] [14] [INFO] Booting worker with pid: 14
[2025-03-08 19:39:25 +0800] [1] [INFO] Handling signal: term
[2025-03-08 19:39:26 +0800] [9] [INFO] Worker exiting (pid: 9)
[2025-03-08 19:39:26 +0800] [10] [INFO] Worker exiting (pid: 10)
[2025-03-08 19:39:26 +0800] [14] [INFO] Worker exiting (pid: 14)
[2025-03-08 19:39:26 +0800] [8] [INFO] Worker exiting (pid: 8)
[2025-03-08 19:39:26 +0800] [1] [INFO] Shutting down: Master
[2025-03-08 19:39:26 +0800] [1] [INFO] Starting gunicorn 23.0.0
[2025-03-08 19:39:26 +0800] [1] [INFO] Listening at: http://0.0.0.0:5000 (1)
[2025-03-08 19:39:26 +0800] [1] [INFO] Using worker: gthread
[2025-03-08 19:39:26 +0800] [8] [INFO] Booting worker with pid: 8
[2025-03-08 19:39:26 +0800] [9] [INFO] Booting worker with pid: 9
[2025-03-08 19:39:26 +0800] [10] [INFO] Booting worker with pid: 10
[2025-03-08 19:39:27 +0800] [14] [INFO] Booting worker with pid: 14
[2025-03-08 19:41:58 +0800] [1] [INFO] Handling signal: term
[2025-03-08 19:41:59 +0800] [10] [INFO] Worker exiting (pid: 10)
[2025-03-08 19:41:59 +0800] [14] [INFO] Worker exiting (pid: 14)
[2025-03-08 19:41:59 +0800] [9] [INFO] Worker exiting (pid: 9)
[2025-03-08 19:41:59 +0800] [8] [INFO] Worker exiting (pid: 8)
[2025-03-08 19:42:00 +0800] [1] [INFO] Shutting down: Master
[2025-03-08 19:42:00 +0800] [1] [INFO] Starting gunicorn 23.0.0
[2025-03-08 19:42:00 +0800] [1] [INFO] Listening at: http://0.0.0.0:5000 (1)
[2025-03-08 19:42:00 +0800] [1] [INFO] Using worker: gthread
[2025-03-08 19:42:00 +0800] [8] [INFO] Booting worker with pid: 8
[2025-03-08 19:42:00 +0800] [9] [INFO] Booting worker with pid: 9
[2025-03-08 19:42:00 +0800] [13] [INFO] Booting worker with pid: 13
[2025-03-08 19:42:00 +0800] [14] [INFO] Booting worker with pid: 14
[2025-03-08 19:43:46 +0800] [1] [INFO] Handling signal: term
[2025-03-08 19:43:46 +0800] [13] [INFO] Worker exiting (pid: 13)
[2025-03-08 19:43:46 +0800] [9] [INFO] Worker exiting (pid: 9)
[2025-03-08 19:43:46 +0800] [14] [INFO] Worker exiting (pid: 14)
[2025-03-08 19:43:46 +0800] [8] [INFO] Worker exiting (pid: 8)
[2025-03-08 19:43:47 +0800] [1] [INFO] Shutting down: Master
[2025-03-08 19:43:47 +0800] [1] [INFO] Starting gunicorn 23.0.0
[2025-03-08 19:43:47 +0800] [1] [INFO] Listening at: http://0.0.0.0:5000 (1)
[2025-03-08 19:43:47 +0800] [1] [INFO] Using worker: gthread
[2025-03-08 19:43:47 +0800] [7] [INFO] Booting worker with pid: 7
[2025-03-08 19:43:47 +0800] [8] [INFO] Booting worker with pid: 8
[2025-03-08 19:43:47 +0800] [9] [INFO] Booting worker with pid: 9
[2025-03-08 19:43:47 +0800] [10] [INFO] Booting worker with pid: 10
[2025-03-08 19:43:59 +0800] [1] [INFO] Handling signal: term
[2025-03-08 19:43:59 +0800] [7] [INFO] Worker exiting (pid: 7)
[2025-03-08 19:43:59 +0800] [8] [INFO] Worker exiting (pid: 8)
[2025-03-08 19:43:59 +0800] [9] [INFO] Worker exiting (pid: 9)
[2025-03-08 19:43:59 +0800] [10] [INFO] Worker exiting (pid: 10)
[2025-03-08 19:43:59 +0800] [1] [INFO] Shutting down: Master
[2025-03-08 19:44:00 +0800] [1] [INFO] Starting gunicorn 23.0.0
[2025-03-08 19:44:00 +0800] [1] [INFO] Listening at: http://0.0.0.0:5000 (1)
[2025-03-08 19:44:00 +0800] [1] [INFO] Using worker: gthread
[2025-03-08 19:44:00 +0800] [8] [INFO] Booting worker with pid: 8
[2025-03-08 19:44:00 +0800] [9] [INFO] Booting worker with pid: 9
[2025-03-08 19:44:00 +0800] [10] [INFO] Booting worker with pid: 10
[2025-03-08 19:44:00 +0800] [11] [INFO] Booting worker with pid: 11
[2025-03-08 19:47:56 +0800] [1] [INFO] Handling signal: term
[2025-03-08 19:47:57 +0800] [11] [INFO] Worker exiting (pid: 11)
[2025-03-08 19:47:57 +0800] [10] [INFO] Worker exiting (pid: 10)
[2025-03-08 19:47:57 +0800] [9] [INFO] Worker exiting (pid: 9)
[2025-03-08 19:47:57 +0800] [8] [INFO] Worker exiting (pid: 8)
[2025-03-08 19:47:57 +0800] [1] [INFO] Shutting down: Master
[2025-03-08 19:47:58 +0800] [1] [INFO] Starting gunicorn 23.0.0
[2025-03-08 19:47:58 +0800] [1] [INFO] Listening at: http://0.0.0.0:5000 (1)
[2025-03-08 19:47:58 +0800] [1] [INFO] Using worker: gthread
[2025-03-08 19:47:58 +0800] [7] [INFO] Booting worker with pid: 7
[2025-03-08 19:47:58 +0800] [8] [INFO] Booting worker with pid: 8
[2025-03-08 19:47:58 +0800] [9] [INFO] Booting worker with pid: 9
[2025-03-08 19:47:58 +0800] [13] [INFO] Booting worker with pid: 13
[2025-03-08 19:50:42 +0800] [1] [INFO] Handling signal: term
[2025-03-08 19:50:43 +0800] [7] [INFO] Worker exiting (pid: 7)
[2025-03-08 19:50:43 +0800] [13] [INFO] Worker exiting (pid: 13)
[2025-03-08 19:50:43 +0800] [8] [INFO] Worker exiting (pid: 8)
[2025-03-08 19:50:43 +0800] [9] [INFO] Worker exiting (pid: 9)
[2025-03-08 19:50:43 +0800] [1] [INFO] Shutting down: Master
[2025-03-08 19:50:44 +0800] [1] [INFO] Starting gunicorn 23.0.0
[2025-03-08 19:50:44 +0800] [1] [INFO] Listening at: http://0.0.0.0:5000 (1)
[2025-03-08 19:50:44 +0800] [1] [INFO] Using worker: gthread
[2025-03-08 19:50:44 +0800] [8] [INFO] Booting worker with pid: 8
[2025-03-08 19:50:44 +0800] [9] [INFO] Booting worker with pid: 9
[2025-03-08 19:50:44 +0800] [10] [INFO] Booting worker with pid: 10
[2025-03-08 19:50:44 +0800] [11] [INFO] Booting worker with pid: 11
[2025-03-08 23:11:22 +0800] [1] [INFO] Handling signal: term
[2025-03-08 23:11:22 +0800] [9] [INFO] Worker exiting (pid: 9)
[2025-03-08 23:11:23 +0800] [8] [INFO] Worker exiting (pid: 8)
[2025-03-08 23:11:23 +0800] [11] [INFO] Worker exiting (pid: 11)
[2025-03-08 23:11:23 +0800] [10] [INFO] Worker exiting (pid: 10)
[2025-03-08 23:11:24 +0800] [1] [INFO] Shutting down: Master
[2025-03-08 23:11:24 +0800] [1] [INFO] Starting gunicorn 23.0.0
[2025-03-08 23:11:24 +0800] [1] [INFO] Listening at: http://0.0.0.0:5000 (1)
[2025-03-08 23:11:24 +0800] [1] [INFO] Using worker: gthread
[2025-03-08 23:11:24 +0800] [8] [INFO] Booting worker with pid: 8
[2025-03-08 23:11:24 +0800] [9] [INFO] Booting worker with pid: 9
[2025-03-08 23:11:24 +0800] [10] [INFO] Booting worker with pid: 10
[2025-03-08 23:11:24 +0800] [11] [INFO] Booting worker with pid: 11
[2025-03-08 23:18:25 +0800] [1] [INFO] Handling signal: term
[2025-03-08 23:18:26 +0800] [8] [INFO] Worker exiting (pid: 8)
[2025-03-08 23:18:26 +0800] [9] [INFO] Worker exiting (pid: 9)
[2025-03-08 23:18:26 +0800] [11] [INFO] Worker exiting (pid: 11)
[2025-03-08 23:18:26 +0800] [10] [INFO] Worker exiting (pid: 10)
[2025-03-08 23:18:27 +0800] [1] [INFO] Shutting down: Master
[2025-03-08 23:18:27 +0800] [1] [INFO] Starting gunicorn 23.0.0
[2025-03-08 23:18:27 +0800] [1] [INFO] Listening at: http://0.0.0.0:5000 (1)
[2025-03-08 23:18:27 +0800] [1] [INFO] Using worker: gthread
[2025-03-08 23:18:27 +0800] [8] [INFO] Booting worker with pid: 8
[2025-03-08 23:18:27 +0800] [9] [INFO] Booting worker with pid: 9
[2025-03-08 23:18:27 +0800] [13] [INFO] Booting worker with pid: 13
[2025-03-08 23:18:27 +0800] [17] [INFO] Booting worker with pid: 17
[2025-03-08 23:40:36 +0800] [1] [INFO] Handling signal: term
[2025-03-08 23:40:37 +0800] [9] [INFO] Worker exiting (pid: 9)
[2025-03-08 23:40:37 +0800] [17] [INFO] Worker exiting (pid: 17)
[2025-03-08 23:40:37 +0800] [8] [INFO] Worker exiting (pid: 8)
[2025-03-08 23:40:37 +0800] [13] [INFO] Worker exiting (pid: 13)
[2025-03-08 23:40:38 +0800] [1] [INFO] Shutting down: Master
[2025-03-08 23:40:38 +0800] [1] [INFO] Starting gunicorn 23.0.0
[2025-03-08 23:40:38 +0800] [1] [INFO] Listening at: http://0.0.0.0:5000 (1)
[2025-03-08 23:40:38 +0800] [1] [INFO] Using worker: gthread
[2025-03-08 23:40:38 +0800] [8] [INFO] Booting worker with pid: 8
[2025-03-08 23:40:38 +0800] [9] [INFO] Booting worker with pid: 9
[2025-03-08 23:40:38 +0800] [14] [INFO] Booting worker with pid: 14
[2025-03-08 23:40:38 +0800] [18] [INFO] Booting worker with pid: 18
[2025-03-08 23:41:27 +0800] [1] [INFO] Handling signal: term
[2025-03-08 23:41:28 +0800] [14] [INFO] Worker exiting (pid: 14)
[2025-03-08 23:41:28 +0800] [18] [INFO] Worker exiting (pid: 18)
[2025-03-08 23:41:28 +0800] [9] [INFO] Worker exiting (pid: 9)
[2025-03-08 23:41:28 +0800] [8] [INFO] Worker exiting (pid: 8)
[2025-03-08 23:41:29 +0800] [1] [INFO] Shutting down: Master
[2025-03-08 23:41:29 +0800] [1] [INFO] Starting gunicorn 23.0.0
[2025-03-08 23:41:29 +0800] [1] [INFO] Listening at: http://0.0.0.0:5000 (1)
[2025-03-08 23:41:29 +0800] [1] [INFO] Using worker: gthread
[2025-03-08 23:41:29 +0800] [8] [INFO] Booting worker with pid: 8
[2025-03-08 23:41:29 +0800] [9] [INFO] Booting worker with pid: 9
[2025-03-08 23:41:29 +0800] [10] [INFO] Booting worker with pid: 10
[2025-03-08 23:41:29 +0800] [14] [INFO] Booting worker with pid: 14
[2025-03-08 23:43:24 +0800] [1] [INFO] Handling signal: term
[2025-03-08 23:43:24 +0800] [10] [INFO] Worker exiting (pid: 10)
[2025-03-08 23:43:24 +0800] [8] [INFO] Worker exiting (pid: 8)
[2025-03-08 23:43:24 +0800] [9] [INFO] Worker exiting (pid: 9)
[2025-03-08 23:43:24 +0800] [14] [INFO] Worker exiting (pid: 14)
[2025-03-08 23:43:24 +0800] [1] [INFO] Shutting down: Master
[2025-03-08 23:43:25 +0800] [1] [INFO] Starting gunicorn 23.0.0
[2025-03-08 23:43:25 +0800] [1] [INFO] Listening at: http://0.0.0.0:5000 (1)
[2025-03-08 23:43:25 +0800] [1] [INFO] Using worker: gthread
[2025-03-08 23:43:25 +0800] [8] [INFO] Booting worker with pid: 8
[2025-03-08 23:43:25 +0800] [9] [INFO] Booting worker with pid: 9
[2025-03-08 23:43:25 +0800] [12] [INFO] Booting worker with pid: 12
[2025-03-08 23:43:25 +0800] [15] [INFO] Booting worker with pid: 15
[2025-03-08 23:43:27 +0800] [1] [INFO] Handling signal: term
[2025-03-08 23:43:28 +0800] [8] [INFO] Worker exiting (pid: 8)
[2025-03-08 23:43:28 +0800] [9] [INFO] Worker exiting (pid: 9)
[2025-03-08 23:43:28 +0800] [12] [INFO] Worker exiting (pid: 12)
[2025-03-08 23:43:28 +0800] [15] [INFO] Worker exiting (pid: 15)
[2025-03-08 23:43:28 +0800] [1] [INFO] Shutting down: Master
[2025-03-08 23:43:29 +0800] [1] [INFO] Starting gunicorn 23.0.0
[2025-03-08 23:43:29 +0800] [1] [INFO] Listening at: http://0.0.0.0:5000 (1)
[2025-03-08 23:43:29 +0800] [1] [INFO] Using worker: gthread
[2025-03-08 23:43:29 +0800] [7] [INFO] Booting worker with pid: 7
[2025-03-08 23:43:29 +0800] [8] [INFO] Booting worker with pid: 8
[2025-03-08 23:43:29 +0800] [9] [INFO] Booting worker with pid: 9
[2025-03-08 23:43:29 +0800] [10] [INFO] Booting worker with pid: 10
[2025-03-08 23:44:04 +0800] [1] [INFO] Handling signal: term
[2025-03-08 23:44:05 +0800] [8] [INFO] Worker exiting (pid: 8)
[2025-03-08 23:44:05 +0800] [9] [INFO] Worker exiting (pid: 9)
[2025-03-08 23:44:05 +0800] [7] [INFO] Worker exiting (pid: 7)
[2025-03-08 23:44:05 +0800] [10] [INFO] Worker exiting (pid: 10)
[2025-03-08 23:44:05 +0800] [1] [INFO] Shutting down: Master
[2025-03-08 23:44:06 +0800] [1] [INFO] Starting gunicorn 23.0.0
[2025-03-08 23:44:06 +0800] [1] [INFO] Listening at: http://0.0.0.0:5000 (1)
[2025-03-08 23:44:06 +0800] [1] [INFO] Using worker: gthread
[2025-03-08 23:44:06 +0800] [8] [INFO] Booting worker with pid: 8
[2025-03-08 23:44:06 +0800] [9] [INFO] Booting worker with pid: 9
[2025-03-08 23:44:06 +0800] [10] [INFO] Booting worker with pid: 10
[2025-03-08 23:44:06 +0800] [14] [INFO] Booting worker with pid: 14
[2025-03-08 23:44:39 +0800] [1] [INFO] Handling signal: term
[2025-03-08 23:44:39 +0800] [9] [INFO] Worker exiting (pid: 9)
[2025-03-08 23:44:39 +0800] [14] [INFO] Worker exiting (pid: 14)
[2025-03-08 23:44:40 +0800] [8] [INFO] Worker exiting (pid: 8)
[2025-03-08 23:44:40 +0800] [10] [INFO] Worker exiting (pid: 10)
[2025-03-08 23:44:40 +0800] [1] [INFO] Shutting down: Master
[2025-03-08 23:44:40 +0800] [1] [INFO] Starting gunicorn 23.0.0
[2025-03-08 23:44:40 +0800] [1] [INFO] Listening at: http://0.0.0.0:5000 (1)
[2025-03-08 23:44:40 +0800] [1] [INFO] Using worker: gthread
[2025-03-08 23:44:40 +0800] [7] [INFO] Booting worker with pid: 7
[2025-03-08 23:44:41 +0800] [8] [INFO] Booting worker with pid: 8
[2025-03-08 23:44:41 +0800] [12] [INFO] Booting worker with pid: 12
[2025-03-08 23:44:41 +0800] [16] [INFO] Booting worker with pid: 16
[2025-03-08 23:45:51 +0800] [1] [INFO] Handling signal: term
[2025-03-08 23:45:51 +0800] [7] [INFO] Worker exiting (pid: 7)
[2025-03-08 23:45:51 +0800] [12] [INFO] Worker exiting (pid: 12)
[2025-03-08 23:45:51 +0800] [8] [INFO] Worker exiting (pid: 8)
[2025-03-08 23:45:52 +0800] [16] [INFO] Worker exiting (pid: 16)
[2025-03-08 23:45:53 +0800] [1] [INFO] Shutting down: Master
[2025-03-08 23:45:53 +0800] [1] [INFO] Starting gunicorn 23.0.0
[2025-03-08 23:45:53 +0800] [1] [INFO] Listening at: http://0.0.0.0:5000 (1)
[2025-03-08 23:45:53 +0800] [1] [INFO] Using worker: gthread
[2025-03-08 23:45:53 +0800] [7] [INFO] Booting worker with pid: 7
[2025-03-08 23:45:53 +0800] [8] [INFO] Booting worker with pid: 8
[2025-03-08 23:45:53 +0800] [9] [INFO] Booting worker with pid: 9
[2025-03-08 23:45:53 +0800] [10] [INFO] Booting worker with pid: 10
[2025-03-09 16:49:05 +0800] [1] [INFO] Handling signal: term
[2025-03-09 16:49:05 +0800] [7] [INFO] Worker exiting (pid: 7)
[2025-03-09 16:49:05 +0800] [8] [INFO] Worker exiting (pid: 8)
[2025-03-09 16:49:05 +0800] [10] [INFO] Worker exiting (pid: 10)
[2025-03-09 16:49:05 +0800] [9] [INFO] Worker exiting (pid: 9)
[2025-03-09 16:49:06 +0800] [1] [INFO] Shutting down: Master
[2025-03-09 16:49:06 +0800] [1] [INFO] Starting gunicorn 23.0.0
[2025-03-09 16:49:06 +0800] [1] [INFO] Listening at: http://0.0.0.0:5000 (1)
[2025-03-09 16:49:06 +0800] [1] [INFO] Using worker: gthread
[2025-03-09 16:49:06 +0800] [8] [INFO] Booting worker with pid: 8
[2025-03-09 16:49:06 +0800] [9] [INFO] Booting worker with pid: 9
[2025-03-09 16:49:06 +0800] [10] [INFO] Booting worker with pid: 10
[2025-03-09 16:49:07 +0800] [14] [INFO] Booting worker with pid: 14
[2025-03-09 17:00:27 +0800] [1] [INFO] Handling signal: term
[2025-03-09 17:00:27 +0800] [10] [INFO] Worker exiting (pid: 10)
[2025-03-09 17:00:27 +0800] [8] [INFO] Worker exiting (pid: 8)
[2025-03-09 17:00:27 +0800] [9] [INFO] Worker exiting (pid: 9)
[2025-03-09 17:00:28 +0800] [14] [INFO] Worker exiting (pid: 14)
[2025-03-09 17:00:28 +0800] [1] [INFO] Shutting down: Master
[2025-03-09 17:00:29 +0800] [1] [INFO] Starting gunicorn 23.0.0
[2025-03-09 17:00:29 +0800] [1] [INFO] Listening at: http://0.0.0.0:5000 (1)
[2025-03-09 17:00:29 +0800] [1] [INFO] Using worker: gthread
[2025-03-09 17:00:29 +0800] [7] [INFO] Booting worker with pid: 7
[2025-03-09 17:00:29 +0800] [8] [INFO] Booting worker with pid: 8
[2025-03-09 17:00:29 +0800] [9] [INFO] Booting worker with pid: 9
[2025-03-09 17:00:29 +0800] [10] [INFO] Booting worker with pid: 10
[2025-03-10 09:23:10 +0800] [1] [INFO] Starting gunicorn 23.0.0
[2025-03-10 09:23:10 +0800] [1] [INFO] Listening at: http://0.0.0.0:5000 (1)
[2025-03-10 09:23:10 +0800] [1] [INFO] Using worker: gthread
[2025-03-10 09:23:10 +0800] [8] [INFO] Booting worker with pid: 8
[2025-03-10 09:23:10 +0800] [9] [INFO] Booting worker with pid: 9
[2025-03-10 09:23:10 +0800] [10] [INFO] Booting worker with pid: 10
[2025-03-10 09:23:10 +0800] [11] [INFO] Booting worker with pid: 11
[2025-03-11 14:23:56 +0800] [1] [INFO] Starting gunicorn 23.0.0
[2025-03-11 14:23:56 +0800] [1] [INFO] Listening at: http://0.0.0.0:5000 (1)
[2025-03-11 14:23:56 +0800] [1] [INFO] Using worker: gthread
[2025-03-11 14:23:56 +0800] [8] [INFO] Booting worker with pid: 8
[2025-03-11 14:23:56 +0800] [9] [INFO] Booting worker with pid: 9
[2025-03-11 14:23:56 +0800] [10] [INFO] Booting worker with pid: 10
[2025-03-11 14:23:56 +0800] [11] [INFO] Booting worker with pid: 11
